event,frame,slot,routine,name,role,cls,blend,peak,life,mood,span,off,wild,hrot,tz,tx,ty,tr,schemeA,schemeB,leg
spawn,1700000,0,452,429 soft argyle,0,0,0,256,723,2,17000,22907,0,0,1.0504,0.0000,0.0000,4.3883,172,33,1660
spawn,1700340,2,151,128 aggregate bloom,3,0,2,109,393,2,17000,6940,167,0,1.6481,-0.1024,-0.2388,3.7899,172,33,1660
spawn,1700379,1,598,575 matrix slow mutation,2,0,2,109,1459,2,17000,14296,39,2,0.5786,-0.1729,0.2929,2.6928,172,33,1660
spawn,1700555,3,170,147 tesseract drift,3,0,2,93,811,2,7429,31230,0,0,1.3710,0.1941,0.0741,5.2859,172,33,1660
spawn,1700815,4,106,083 patch quilt,0,0,0,256,1293,1,17000,11297,0,0,1.3266,0.0000,0.0000,4.9867,172,33,1660
spawn,1701560,2,212,189 reiter crystal,3,0,1,100,695,1,14062,22713,0,0,0.8537,0.1424,-0.0553,1.9947,33,42,1661
spawn,1702223,4,373,350 fog banks,0,0,0,256,833,0,17000,295,0,0,1.2066,0.0000,0.0000,4.3883,42,105,1662
spawn,1702716,1,147,124 poincare web,2,0,1,140,978,0,11031,17436,0,0,2.0443,0.2035,0.0647,2.8923,42,105,1662
spawn,1703097,4,261,238 vortex sheet,1,0,0,256,1085,1,17000,8809,0,0,1.0356,0.0000,0.0000,3.1915,105,120,1663
spawn,1703414,2,174,151 chladni filaments,2,0,1,110,1249,1,10937,28263,0,2,2.2044,0.1071,0.1165,4.6875,105,120,1663
spawn,1703652,4,380,357 twilight glow,0,0,0,256,794,2,17000,21242,0,0,1.3167,0.0000,0.0000,5.2859,105,120,1663
spawn,1704012,3,529,506 ground strike,3,0,2,73,555,2,9726,5456,0,0,0.8455,-0.1847,-0.2859,2.4933,120,156,1664
spawn,1704319,1,225,202 silk veil,1,0,1,140,719,2,17000,12666,0,0,1.5988,0.0294,-0.3000,1.8949,120,156,1664
spawn,1704472,4,425,402 anodized sheen,0,0,0,256,637,2,17000,16677,0,0,1.2830,0.0000,0.0000,0.7979,120,156,1664
spawn,1705097,3,27,004 mirror truchet,2,0,1,79,420,2,11343,690,151,1,2.4446,-0.2271,0.0553,2.5931,156,88,1665
spawn,1705118,4,421,398 broken plates,0,0,0,256,775,0,16789,25684,0,0,1.2205,0.0000,0.0000,1.2965,156,88,1665
spawn,1705540,2,185,162 orbital lobes,2,0,1,123,467,0,6714,15567,0,0,0.7613,0.2153,-0.2271,4.1888,156,88,1665
spawn,1705773,1,191,168 schotter drift,2,0,1,166,492,0,10000,8323,169,0,2.3584,0.1918,0.0271,3.9893,156,88,1665
spawn,1705968,4,237,214 jelly bells,0,0,0,256,1545,1,17000,55,0,0,1.0471,0.0000,0.0000,4.9867,156,88,1665
spawn,1706571,3,98,075 coral lace,3,0,1,93,613,1,5859,16146,69,0,1.6522,0.2224,-0.2647,0.6981,88,152,1666
spawn,1706792,2,525,502 thunder cell,2,0,1,140,1336,1,14781,28337,0,0,2.3543,0.1400,0.1588,0.8976,88,152,1666
spawn,1707357,1,253,230 nebula wisps,1,0,1,168,1158,1,17000,6670,88,0,2.2270,-0.1235,0.1282,4.2885,152,41,1667
spawn,1707512,4,247,224 fish scales,1,0,0,256,1261,1,17000,10657,0,0,1.0660,0.0000,0.0000,2.4933,152,41,1667
spawn,1708135,3,580,557 gear pair,3,0,1,92,871,1,6390,19132,0,0,1.1513,-0.2671,-0.2106,1.5957,41,127,1668
spawn,1708749,4,358,335 aurora dome,1,0,0,256,871,0,17000,29318,0,0,1.3973,0.0000,0.0000,1.1968,41,127,1668
spawn,1709184,4,413,390 cathedral panes,0,0,0,256,1070,0,17000,4063,0,0,1.3784,0.0000,0.0000,2.1941,127,141,1669
spawn,1709575,1,354,331 mosaic wave,1,0,1,157,865,0,13593,21567,0,2,0.6114,-0.0906,-0.0529,6.1835,127,141,1669
spawn,1709948,2,104,081 poly morph,2,0,1,129,1066,0,5800,13769,0,0,1.1862,-0.0318,-0.2412,1.9947,127,141,1669
spawn,1710324,3,608,585 constellation connect,3,0,1,89,277,0,4184,9065,0,0,0.4308,0.1259,0.1518,5.6848,141,35,1670
spawn,1710412,4,405,382 velvet drape,0,0,0,256,582,1,17000,31617,0,0,1.4088,0.0000,0.0000,4.6875,141,35,1670
spawn,1711110,4,227,204 woven field,1,0,0,256,1350,1,17000,23237,0,0,1.1047,0.0000,0.0000,6.2832,35,60,1671
spawn,1711723,1,287,264 root veins,1,0,1,151,523,1,17000,9139,15,0,1.6891,0.0788,0.0718,5.3856,35,60,1671
spawn,1711861,4,110,087 chevron court,0,0,0,256,1007,0,17000,31706,0,0,1.3241,0.0000,0.0000,2.5931,35,60,1671
spawn,1712101,4,433,410 warped mesh,0,0,0,256,1078,0,17000,20575,0,0,1.3315,0.0000,0.0000,1.6955,35,60,1671
spawn,1712452,2,560,537 pylon arcs,3,0,1,106,664,0,7822,31155,0,0,2.0792,0.1824,-0.2976,1.1968,60,13,1672
spawn,1712908,3,533,510 lissajous bolt,3,0,1,93,631,0,4590,10457,0,0,1.5496,-0.0035,0.1659,2.3936,60,13,1672
spawn,1713073,1,319,296 truchet ribbons,1,0,1,176,716,0,13812,26806,0,0,2.2886,-0.1824,-0.1047,0.8976,60,13,1672
spawn,1713213,4,305,282 comb jelly,1,0,0,256,986,2,17000,3023,0,0,1.2871,0.0000,0.0000,3.1915,13,26,1673
spawn,1713507,4,383,360 spiral galaxy,0,0,0,256,568,1,17000,20377,0,0,1.0981,0.0000,0.0000,2.4933,13,26,1673
spawn,1713956,3,114,091 diamond confetti,2,0,1,98,987,1,6703,7063,0,0,1.2252,-0.0271,0.2365,2.4933,13,26,1673
spawn,1714052,4,312,289 sea anemone,1,0,0,256,1012,2,17000,14115,0,0,1.2181,0.0000,0.0000,6.1835,13,26,1673
spawn,1714412,2,506,483 sea lightning,3,0,2,99,565,2,17000,23430,0,2,1.8554,0.0741,-0.1118,3.6901,26,4,1674
spawn,1714721,1,168,145 aurora curtains,1,0,1,140,651,2,17000,30267,112,2,1.0364,-0.1188,0.1353,0.8976,26,4,1674
spawn,1715213,4,382,359 star cloud,0,0,0,256,688,2,17000,19929,0,0,1.1425,0.0000,0.0000,2.9920,4,45,1675
spawn,1715904,4,447,424 warped grid,0,0,0,256,844,1,17000,3835,0,0,1.3627,0.0000,0.0000,0.3989,4,45,1675
spawn,1716292,3,547,524 orbiting balls,3,0,1,87,291,1,6828,17702,0,0,1.3525,-0.1141,-0.0106,4.5877,45,115,1676
spawn,1716611,2,588,565 pinion ladder,3,0,1,122,541,1,12656,29562,0,0,1.0158,0.1212,0.0624,2.4933,45,115,1676
spawn,1716704,1,176,153 loxodrome drift,2,0,1,161,864,1,17000,7468,0,2,1.2765,0.2294,-0.1188,2.6928,45,115,1676
spawn,1716818,4,435,412 soft sunburst,0,0,0,256,891,2,17000,23658,0,0,1.1647,0.0000,0.0000,2.7925,45,115,1676
spawn,1717718,3,583,560 gear silhouettes,3,0,2,85,557,2,8929,31686,0,0,0.7284,0.1282,-0.1071,4.8869,115,112,1677
spawn,1717807,4,326,303 sand dollars,1,0,0,256,652,1,17000,11994,0,0,1.2485,0.0000,0.0000,3.9893,115,112,1677
spawn,1718237,2,215,192 steiner pearls,3,0,1,115,886,1,11812,21227,0,0,1.4798,0.1941,-0.2976,1.1968,115,112,1677
spawn,1718589,4,316,293 lantern rows,1,0,0,256,783,0,17000,9,0,0,1.3710,0.0000,0.0000,3.9893,112,171,1678
spawn,1719003,4,86,063 spiral zoom,0,0,0,256,1078,0,17000,12978,0,0,1.0356,0.0000,0.0000,4.1888,112,171,1678
spawn,1719243,4,465,442 suminagashi,0,0,0,256,615,1,17000,30963,0,0,1.2822,0.0000,0.0000,3.4907,112,171,1678
spawn,1719637,2,116,093 cathedral fan,2,0,1,122,533,1,13812,11512,0,0,0.5683,0.1871,-0.0976,5.8843,171,173,1679
spawn,1719713,1,192,169 braid loom,2,0,1,178,843,1,17000,22743,0,2,0.9152,0.2600,0.2482,1.0971,171,173,1679
spawn,1719792,3,179,156 apollonian tide,3,0,1,100,809,1,6437,4089,59,0,2.3419,-0.2294,0.1565,4.3883,171,173,1679
spawn,1720028,4,29,006 tri morph,0,0,0,256,997,1,17000,7234,0,0,1.1942,0.0000,0.0000,0.0997,171,173,1679
spawn,1721085,4,363,340 polar plasma,0,0,0,256,881,0,17000,22567,0,0,1.2066,0.0000,0.0000,5.8843,173,95,1680
spawn,1721525,1,186,163 droste spiral,2,0,1,152,954,0,12562,10985,0,0,1.7733,-0.1918,-0.0059,5.3856,95,92,1681
spawn,1721657,2,607,584 filament web,3,0,1,103,724,0,8226,428,0,0,1.8821,0.0953,0.0671,0.0000,95,92,1681
spawn,1721800,3,575,552 koi shapes,3,0,1,74,301,0,4519,15869,70,2,2.2003,0.2765,0.2294,4.2885,95,92,1681
spawn,1721920,4,403,380 dry lakebed,0,0,0,256,622,2,17000,6056,0,0,1.1762,0.0000,0.0000,1.1968,95,92,1681
spawn,1722592,4,423,400 spun metal,0,0,0,256,1263,1,17000,20382,0,0,1.3619,0.0000,0.0000,3.1915,92,12,1682
spawn,1723100,3,546,523 strike cascade,3,0,1,96,475,1,6703,4079,0,0,0.7161,-0.1941,-0.2412,3.5904,92,12,1682
spawn,1723205,2,175,152 pentagrid lattice,2,0,1,101,924,1,13406,13516,0,0,1.4859,0.2341,-0.0247,3.6901,92,12,1682
spawn,1723323,1,38,015 twister star,1,0,1,169,1078,1,17000,27804,97,0,1.2150,-0.2647,0.2012,3.4907,92,12,1682
spawn,1723877,4,234,211 marble veins,1,0,0,256,1011,0,17000,8152,0,0,1.2855,0.0000,0.0000,2.7925,12,168,1683
spawn,1725032,2,137,114 khatim weave,2,0,1,109,930,0,8279,27361,134,0,0.5663,0.0718,0.1329,4.7872,168,9,1684
spawn,1725072,4,484,461 curtain folds,0,0,0,256,720,0,17000,1680,0,0,1.0603,0.0000,0.0000,0.7979,168,9,1684
spawn,1725899,4,377,354 rolling mist,0,0,0,256,1453,1,17000,15309,0,0,1.3792,0.0000,0.0000,3.5904,9,40,1685
spawn,1726287,3,616,593 lantern drift,3,0,1,84,346,1,7046,30533,131,1,1.3422,-0.2318,-0.1424,0.8976,9,40,1685
spawn,1726434,1,351,328 rose window,1,0,1,167,791,1,17000,5008,0,2,1.1554,0.0671,-0.1471,2.3936,9,40,1685
spawn,1726766,2,213,190 glenz vectors,2,0,1,118,930,1,11312,10290,140,0,1.9416,-0.0718,-0.2059,3.9893,40,21,1686
spawn,1727371,4,438,415 rays through cloud,0,0,0,256,757,1,17000,24290,0,0,1.3726,0.0000,0.0000,0.9973,40,21,1686
spawn,1727916,3,125,102 vortex silk,2,0,4,90,897,1,4000,492,0,0,0.8413,-0.1776,0.0576,5.6848,21,77,1687
spawn,1728087,1,178,155 knot loom,2,0,1,149,1291,1,17000,12340,0,2,0.4493,-0.3000,-0.1141,2.0944,21,77,1687
spawn,1728288,4,111,088 star cross,0,0,0,256,1359,2,17000,17981,0,0,1.2411,0.0000,0.0000,5.6848,21,77,1687
spawn,1728829,4,138,115 vega bulge,0,0,0,256,1249,0,17000,25679,0,0,1.1556,0.0000,0.0000,4.5877,77,96,1688
spawn,1729305,2,153,130 pentagrid,2,0,1,112,791,0,6152,18898,0,0,1.3915,-0.1706,-0.0106,1.5957,77,96,1688
spawn,1730117,1,169,146 apollonian rings,2,0,1,166,1345,0,8000,6100,0,0,0.8701,0.0929,0.0553,0.9973,96,18,1689
spawn,1730127,4,427,404 crushed velvet,0,0,0,256,609,0,17000,11845,0,0,1.1055,0.0000,0.0000,5.5851,96,18,1689
spawn,1730740,4,183,160 chrome relief,0,0,0,256,1215,2,17000,29631,0,0,1.2838,0.0000,0.0000,3.8896,18,19,1690
spawn,1731121,3,78,055 comet carousel,3,0,2,94,965,2,9257,16788,123,0,0.8906,-0.0812,0.1847,0.2992,18,19,1690
spawn,1731284,2,162,139 harmonic orb,2,0,1,130,994,2,16687,23038,0,0,1.0795,0.2271,0.0741,2.3936,18,19,1690
spawn,1732087,4,424,401 hammered metal,0,0,0,256,739,2,17000,989,0,0,1.2986,0.0000,0.0000,2.4933,19,123,1691
spawn,1732651,1,124,101 physarum veil,2,0,4,90,951,2,17000,16333,0,0,2.3604,0.2788,-0.0976,4.7872,123,131,1692
spawn,1732776,4,323,300 eyelet lace,1,0,0,256,967,2,17000,26001,0,0,1.3068,0.0000,0.0000,3.3909,123,131,1692
spawn,1733234,4,486,463 julia drift,0,0,0,256,610,0,14000,1860,0,0,1.3044,0.0000,0.0000,3.9893,123,131,1692
spawn,1733536,3,82,059 binary dance,3,0,1,83,373,0,4214,25577,0,0,1.0179,-0.2106,0.2953,1.2965,123,131,1692
spawn,1733697,2,58,035 string cardioid,2,0,1,134,650,0,5484,8868,129,0,1.5496,-0.2388,0.1847,5.0864,131,142,1693
spawn,1733952,4,20,asm,0,1,0,256,254,0,17000,20737,0,0,1.2912,0.0000,0.0000,3.1915,131,142,1693
spawn,1734263,4,367,344 silk bands,0,0,0,256,846,1,17000,30188,0,0,1.2715,0.0000,0.0000,2.7925,131,142,1693
spawn,1734668,1,158,135 kelvin wake,2,0,1,173,592,1,17000,11979,0,0,0.5478,0.0318,-0.0882,0.6981,142,75,1694
spawn,1734939,3,97,074 slow lightning,3,0,1,96,394,1,7187,19225,0,0,1.1431,0.1682,0.2953,6.2832,142,75,1694
spawn,1735119,4,430,407 geodesic dome,0,0,0,256,927,2,17000,5999,0,0,1.0282,0.0000,0.0000,1.1968,142,75,1694
spawn,1735855,2,57,034 lissajous weave,2,0,2,104,478,2,17000,22368,0,0,1.7323,-0.1118,-0.1188,4.5877,75,43,1695
spawn,1735985,1,320,297 quasi penrose,1,0,1,130,1433,2,17000,17211,0,0,1.6871,0.2012,-0.2224,0.1995,75,43,1695
spawn,1736116,4,389,366 planetary nebula,0,0,0,256,692,1,17000,31464,0,0,1.4022,0.0000,0.0000,3.4907,75,43,1695
spawn,1736538,3,619,596 frost glints,3,0,1,79,525,1,6890,6988,0,0,2.0607,0.1212,0.1424,6.1835,75,43,1695
spawn,1736813,4,629,606 burning ship,0,0,0,256,1435,1,17000,21504,0,0,1.3504,0.0000,0.0000,5.1861,43,179,1696
spawn,1737663,2,509,486 volcanic lightning,2,0,1,138,1063,1,13781,2520,180,2,1.6522,-0.1165,-0.0647,0.5984,43,179,1696
spawn,1737948,3,131,108 vega bulge,2,0,1,94,643,1,4937,7870,132,2,1.0713,-0.1871,0.0812,4.6875,179,10,1697
spawn,1738159,1,119,096 scanline butterfly,1,0,1,140,1695,1,17000,13593,0,0,2.0032,-0.2741,0.2106,0.0997,179,10,1697
spawn,1738252,4,411,388 rose window,0,0,0,256,869,0,17000,26869,0,0,1.1729,0.0000,0.0000,5.7845,179,10,1697
spawn,1739165,4,461,438 colour field washes,0,0,0,256,618,1,17000,4959,0,0,1.3586,0.0000,0.0000,1.6955,10,165,1698
spawn,1739797,4,69,046 rps trichrome,0,0,0,256,1031,2,17000,22529,0,0,1.0816,0.0000,0.0000,5.9840,165,6,1699
spawn,1740127,2,202,179 harmonic lantern,3,0,2,136,640,2,16968,1945,0,0,1.0692,0.2953,-0.0671,4.1888,165,6,1699
spawn,1740334,3,541,518 sheet wash,2,0,4,90,793,2,11179,30128,0,1,2.3419,0.1047,-0.1729,4.4880,165,6,1699
spawn,1740569,1,154,131 times table,1,0,1,133,1547,2,22000,12481,0,0,1.4818,-0.1565,-0.2882,0.7979,165,6,1699
spawn,1740877,4,490,467 chrome ripples,0,0,0,256,646,2,17000,6201,0,0,1.1153,0.0000,0.0000,1.6955,6,169,1700
spawn,1741515,4,342,319 lattice bloom,1,0,0,256,831,1,17000,19531,0,0,1.0282,0.0000,0.0000,1.4960,6,169,1700
spawn,1742089,3,208,185 sandpile,2,0,1,74,1043,1,7265,176,3,1,1.4839,-0.2224,0.0859,5.6848,169,37,1701
spawn,1742297,2,501,478 crawler arcs,3,0,1,108,834,1,12250,5331,0,0,0.6463,0.0388,0.2953,2.0944,169,37,1701
spawn,1742421,4,105,082 greek key,0,0,0,256,1443,2,17000,27746,0,0,1.2214,0.0000,0.0000,4.5877,169,37,1701
spawn,1743011,1,356,333 tulle gather,1,0,1,129,1186,2,17000,20126,0,0,1.0589,0.0529,-0.0482,4.5877,37,175,1702
spawn,1743798,4,345,322 quasi twelve,1,0,0,256,670,0,17000,8259,0,0,1.2518,0.0000,0.0000,3.6901,37,175,1702
spawn,1744239,2,605,582 rising embers,3,0,1,112,644,0,8085,30372,0,0,1.9786,-0.2835,-0.3000,2.1941,175,116,1703
spawn,1744442,3,611,588 pollen drift,3,0,1,113,567,0,4438,25373,0,0,2.1962,0.0365,-0.2388,0.6981,175,116,1703
spawn,1744554,4,101,078 turing garden,0,0,0,256,677,1,17000,12934,0,0,1.0973,0.0000,0.0000,5.7845,175,116,1703
spawn,1745313,4,429,406 velvet swirl,0,0,0,256,722,1,17000,31381,0,0,1.1515,0.0000,0.0000,5.1861,116,79,1704
spawn,1746012,3,144,121 chladni sand,3,0,1,109,253,1,4796,16654,0,0,1.0979,0.0953,-0.1376,3.4907,79,47,1705
spawn,1746025,4,308,285 dune perspective,1,0,0,256,890,2,17000,23896,0,0,1.0315,0.0000,0.0000,1.7952,79,47,1705
spawn,1746553,2,113,090 diamond burst,2,0,2,91,863,2,17000,5595,0,2,1.3997,0.2059,-0.2129,4.7872,79,47,1705
spawn,1746680,4,74,051 firework garden,1,0,0,256,1518,0,14000,14130,0,0,1.0578,0.0000,0.0000,3.3909,79,47,1705
spawn,1747317,3,163,140 newton filigree,3,0,1,95,788,0,3148,28155,171,2,1.2026,0.2035,-0.1612,1.4960,47,135,1706
spawn,1747488,1,94,071 silk currents,2,0,1,149,1058,0,13812,20659,0,0,2.0361,-0.1635,-0.1541,6.2832,47,135,1706
spawn,1748090,2,593,570 orrery,3,0,4,90,464,0,7769,5082,31,0,0.6340,-0.2529,-0.1400,0.8976,135,94,1707
spawn,1748275,4,19,asm,0,1,0,256,267,2,17000,847,0,0,1.4219,0.0000,0.0000,2.3936,135,94,1707
spawn,1748640,4,47,024 munch frost,0,0,0,256,1230,2,17000,27109,0,0,1.1392,0.0000,0.0000,1.4960,135,94,1707
spawn,1749076,3,206,183 string hyperboloid,3,0,2,79,626,2,9796,14477,0,0,1.2540,-0.2529,0.2271,1.3963,94,113,1708
spawn,1749257,1,336,313 plume spiral,1,0,1,149,870,2,17000,2005,36,2,0.6340,0.2506,0.1376,4.9867,94,113,1708
spawn,1749293,2,564,541 comet trio,3,0,4,90,412,2,17000,20764,162,1,2.2003,-0.0035,-0.0506,0.0997,94,113,1708
spawn,1749677,4,422,399 brushed metal,0,0,0,256,1379,2,17000,10414,0,0,1.1367,0.0000,0.0000,5.8843,94,113,1708
spawn,1750244,3,589,566 sprocket chain,3,0,2,90,666,2,8625,22387,0,0,1.6501,-0.0882,-0.2529,0.2992,113,52,1709
spawn,1750425,2,216,193 cord braid,2,0,2,119,1502,2,17000,16073,0,2,0.5499,-0.2106,-0.0529,0.0000,113,52,1709
spawn,1751090,1,34,011 plasma mandala,1,0,1,176,1510,2,17000,2,0,0,0.8701,0.2812,-0.2224,4.3883,52,81,1710
spawn,1751154,4,374,351 rain veil,0,0,0,256,646,1,17000,3234,0,0,1.3882,0.0000,0.0000,5.1861,52,81,1710
spawn,1751690,3,610,587 slow snow,3,0,1,74,448,1,7140,7336,0,0,0.4144,0.1447,0.0788,0.0997,52,81,1710
spawn,1751743,4,402,379 raked garden,0,0,0,256,1295,0,17000,24949,0,0,1.2567,0.0000,0.0000,3.3909,52,81,1710
spawn,1752525,2,604,581 matrix corners,2,0,1,110,828,0,5080,13486,173,1,2.2434,-0.2294,0.0576,6.2832,81,144,1711
spawn,1753148,4,458,435 watercolour blooms,0,0,0,256,829,1,17000,32282,0,0,1.2000,0.0000,0.0000,1.2965,144,148,1712
spawn,1753724,1,277,254 pinwheel ribs,1,0,1,159,1234,1,17000,19369,180,0,0.6258,0.1824,-0.0153,1.4960,144,148,1712
spawn,1753912,4,371,348 dawn clouds,0,0,0,256,627,1,17000,8356,0,0,1.1704,0.0000,0.0000,3.5904,144,148,1712
spawn,1754341,2,140,117 cloth lattice,2,0,1,130,1000,1,14375,29608,0,0,0.4842,0.1353,-0.1635,0.5984,148,50,1713
spawn,1754551,4,23,asm,0,1,0,256,135,1,17000,13017,0,0,1.2066,0.0000,0.0000,2.5931,148,50,1713
spawn,1754843,4,479,456 lava wall,0,0,0,256,1288,1,17000,4971,0,0,1.2921,0.0000,0.0000,1.7952,148,50,1713
spawn,1755289,3,188,165 vortex street,2,0,1,115,997,1,6234,10035,0,0,1.7877,-0.1165,0.1612,1.1968,50,7,1714
spawn,1755941,1,318,295 meander key,1,0,1,150,1242,1,17000,29177,42,0,1.5434,0.1118,0.2082,5.7845,50,7,1714
spawn,1756096,2,536,513 rolling front,2,0,1,118,1180,1,13093,22586,0,0,0.9625,-0.1824,0.1494,6.1835,50,7,1714
spawn,1756293,4,477,454 heat contours,0,0,0,256,1035,1,17000,13789,0,0,1.2814,0.0000,0.0000,0.0000,7,157,1715
spawn,1757115,3,549,526 lightning heart,3,0,1,86,417,1,6781,3709,0,0,0.8085,-0.0765,0.0741,3.3909,7,157,1715
spawn,1757395,4,115,092 greek key panel,0,0,0,256,1595,2,17000,17885,0,0,1.2436,0.0000,0.0000,6.1835,157,125,1716
spawn,1757937,1,32,009 lissa web,2,0,1,155,840,2,17000,1755,0,0,1.8636,0.0553,0.1541,0.0997,157,125,1716
spawn,1758476,2,582,559 planetary set,2,0,2,103,1153,2,16640,24471,56,0,0.5396,-0.2882,0.2741,1.7952,125,103,1717
spawn,1758525,3,586,563 corner train,3,0,2,72,377,2,9492,8638,0,0,1.1862,-0.0812,0.1047,2.3936,125,103,1717
spawn,1759071,4,460,437 granulation,0,0,0,256,844,1,17000,11773,0,0,1.0208,0.0000,0.0000,2.5931,125,103,1717
spawn,1759653,1,214,191 hopf weave,2,0,1,143,1598,1,17000,2780,0,2,1.1595,-0.0624,-0.1588,3.7899,103,106,1718
spawn,1759955,4,31,008 octa mandala,0,0,0,256,744,0,17000,6087,0,0,1.0841,0.0000,0.0000,3.3909,103,106,1718
spawn,1760468,3,207,184 caustic billiard,3,0,1,91,594,0,4885,14939,0,0,0.6340,0.2788,0.0200,6.1835,106,61,1719
spawn,1760546,2,81,058 fountain arcs,2,0,1,115,1412,0,5167,20966,0,0,1.2806,0.1235,0.1753,5.2859,106,61,1719
spawn,1760711,4,386,363 milky band,0,0,0,256,570,1,17000,26011,0,0,1.0315,0.0000,0.0000,1.7952,106,61,1719
spawn,1761319,4,469,446 agate bands,0,0,0,256,779,1,17000,10261,0,0,1.2000,0.0000,0.0000,4.4880,61,44,1720
spawn,1761912,1,245,222 ripple pond,1,0,1,128,996,1,17000,32473,0,1,0.8845,0.0059,0.0412,3.7899,61,44,1720
spawn,1762134,4,251,228 rope net,1,0,0,256,976,1,17000,15821,0,0,1.2288,0.0000,0.0000,2.9920,61,44,1720
spawn,1762620,3,524,501 st elmos fire,3,0,1,88,591,1,5046,24519,0,0,0.4821,-0.1212,0.1047,2.8923,44,89,1721
spawn,1763111,2,601,578 matrix side rain,2,0,1,138,920,1,11187,10113,0,1,0.4287,0.0553,-0.0012,4.0891,44,89,1721
spawn,1763227,4,222,199 talbot carpet,0,0,0,256,1271,2,17000,20859,0,0,1.3068,0.0000,0.0000,5.2859,44,89,1721
spawn,1763949,1,224,201 lava lamp,2,0,2,78,543,2,17000,30954,0,0,1.2991,-0.1047,0.1376,1.7952,89,17,1722
spawn,1764311,3,155,132 tesseract drift,3,0,2,77,569,2,9187,4543,175,0,1.3587,-0.0600,0.2859,5.2859,89,17,1722
spawn,1764557,4,410,387 stained glass,0,0,0,256,903,2,17000,13956,0,0,1.0488,0.0000,0.0000,0.7979,17,58,1723
spawn,1765193,2,497,474 storm front,2,0,2,103,1368,2,17000,30614,0,0,1.4449,0.0953,-0.1471,3.3909,17,58,1723
spawn,1765419,1,79,056 ribbon swarm,2,0,2,103,1439,2,17000,8313,0,0,1.6029,-0.0129,0.2247,2.3936,58,68,1724
spawn,1765478,4,436,413 twin sunbursts,0,0,0,256,978,0,17000,24075,0,0,1.2255,0.0000,0.0000,0.1995,58,68,1724
spawn,1766084,3,517,494 upward streamers,3,0,1,79,734,0,4814,16415,0,0,0.9522,-0.0976,-0.0247,4.3883,58,68,1724
spawn,1766500,4,332,309 smoke columns,1,0,0,256,766,2,17000,3818,0,0,1.2288,0.0000,0.0000,1.2965,68,102,1725
spawn,1766885,4,364,341 nested sines,0,0,0,256,1114,1,17000,22336,0,0,1.2904,0.0000,0.0000,5.5851,68,102,1725
spawn,1767617,1,246,223 caustic net,1,0,1,161,699,1,17000,9356,99,0,0.9727,-0.2765,-0.1212,3.0917,102,59,1726
spawn,1767798,2,590,567 rolling pinions,2,0,1,134,1086,1,12250,828,0,0,2.0977,-0.2765,0.1400,0.6981,102,59,1726
spawn,1767968,3,539,516 skyline leaders,3,0,1,112,601,1,5921,16782,107,0,1.1164,0.0224,-0.2035,1.2965,102,59,1726
spawn,1768073,4,52,029 tartan beat,1,0,0,256,1021,0,17000,28341,0,0,1.1704,0.0000,0.0000,5.7845,102,59,1726
spawn,1768079,4,428,405 velvet nap,0,0,0,256,810,2,17000,3773,0,0,1.0710,0.0000,0.0000,2.6928,102,59,1726
spawn,1768856,4,313,290 origami folds,0,0,0,256,812,1,17000,24990,0,0,1.2625,0.0000,0.0000,0.2992,59,107,1727
spawn,1769473,3,135,112 vortex ink,3,0,1,72,434,1,7250,14167,0,0,1.3587,-0.0741,-0.0035,0.0000,107,80,1728
spawn,1769557,1,229,206 breathing membrane,1,0,1,151,934,1,17000,8623,0,0,1.0692,-0.2553,0.2812,5.6848,107,80,1728
spawn,1769761,4,228,205 lattice windows,1,0,0,256,989,0,17000,18940,0,0,1.4342,0.0000,0.0000,5.8843,107,80,1728
spawn,1770552,2,602,579 matrix pileup,2,0,1,118,1209,0,4500,559,27,1,1.3669,-0.2106,0.2859,4.3883,80,122,1729
spawn,1770832,4,344,321 ring tunnel,1,0,0,256,1558,0,17000,25570,0,0,1.2879,0.0000,0.0000,3.2912,80,122,1729
spawn,1771079,4,394,371 cell caustics,0,0,0,256,692,1,17000,14117,0,0,1.3545,0.0000,0.0000,5.3856,80,122,1729
spawn,1771535,1,269,246 sinew strands,1,0,1,131,1333,1,17000,24194,0,0,2.4282,0.2953,0.1141,2.9920,122,91,1730
spawn,1771853,3,587,564 gear mandala,2,0,4,74,888,1,5234,7347,0,0,2.0279,-0.1988,-0.0882,0.4987,122,91,1730
spawn,1771854,4,440,417 sun halo,0,0,0,256,867,1,17000,18026,0,0,1.3874,0.0000,0.0000,4.9867,122,91,1730
spawn,1772390,2,576,553 origami cranes,3,0,4,90,599,1,13593,32110,0,0,1.4387,0.1353,-0.0059,1.3963,122,91,1730
spawn,1772757,4,445,422 ripple rings,0,0,0,256,992,2,17000,13161,0,0,1.0652,0.0000,0.0000,3.3909,91,78,1731
spawn,1773444,3,325,302 cirrus streaks,2,0,4,90,506,2,10640,31259,0,0,1.2930,-0.2835,0.0835,3.2912,91,78,1731
spawn,1773660,2,161,138 soap bubbles,2,0,2,101,674,2,12000,5904,15,2,0.6196,-0.2153,-0.0929,3.0917,78,124,1732
spawn,1773746,4,50,027 wedge ripples,0,0,0,256,1211,0,17000,22205,0,0,1.2468,0.0000,0.0000,1.6955,78,124,1732
spawn,1774175,1,353,330 wisp curls,1,0,1,130,707,0,13781,30219,140,2,1.4572,-0.2388,-0.1471,3.9893,78,124,1732
spawn,1774964,3,562,539 spark rain,3,0,1,110,739,0,4357,9546,0,0,1.8534,-0.0553,-0.2035,3.2912,124,164,1733
spawn,1774970,4,412,389 glass blocks,0,0,0,256,1196,0,17000,17981,0,0,1.0570,0.0000,0.0000,3.8896,124,164,1733
spawn,1775463,2,184,161 curve loom,3,0,1,128,1218,0,4500,28545,11,1,1.1842,0.0271,-0.0624,5.0864,124,164,1733
spawn,1775711,1,300,277 aurora sheet,1,0,1,128,636,0,14062,5426,0,2,1.3422,0.1729,-0.1541,3.7899,164,167,1734
spawn,1776214,4,457,434 mandala dye,0,0,0,256,619,2,17000,11326,0,0,1.1252,0.0000,0.0000,4.4880,164,167,1734
spawn,1776844,3,159,136 dipole lines,2,0,2,102,775,2,10804,23159,0,0,0.7387,-0.1635,-0.2271,5.9840,167,109,1735
spawn,1776981,4,311,288 phyllotaxis,1,0,0,256,962,1,17000,2076,0,0,1.0241,0.0000,0.0000,0.0000,167,109,1735
spawn,1777414,4,209,186 marbling,0,0,0,256,915,2,32768,12335,0,0,1.3915,0.0000,0.0000,1.1968,167,109,1735
spawn,1777813,1,600,577 matrix sparse spark,2,0,2,121,1659,2,17000,28721,0,0,1.0199,-0.2412,0.1353,0.1995,109,66,1736
spawn,1777990,2,89,066 hex tunnel,2,0,2,120,1522,2,17000,7265,35,1,0.5478,0.2294,-0.1659,0.2992,109,66,1736
spawn,1778423,4,235,212 cell tissue,1,0,0,256,905,2,17000,21183,0,0,1.2000,0.0000,0.0000,0.1995,109,66,1736
spawn,1778947,4,480,457 bokeh field,0,0,0,256,737,1,17000,15565,0,0,1.1227,0.0000,0.0000,3.5904,66,149,1737
spawn,1779844,4,491,468 hue clouds,0,0,0,256,791,2,17000,27951,0,0,1.2386,0.0000,0.0000,1.7952,149,160,1738
spawn,1780177,3,164,141 chladni sand,3,0,2,74,388,2,10710,11909,0,0,2.2927,-0.2624,0.2694,1.9947,149,160,1738
spawn,1780362,2,221,198 whirl nest,2,0,1,131,568,2,17000,19263,0,1,0.7038,0.0694,-0.1000,3.4907,149,160,1738
spawn,1780664,4,393,370 deep water,0,0,0,256,1060,2,17000,4340,0,0,1.0364,0.0000,0.0000,0.5984,149,160,1738
spawn,1781411,1,297,274 moire kaleido,1,0,1,134,1141,2,17000,24094,0,0,2.3214,-0.3000,0.1424,5.8843,160,14,1739
spawn,1781475,3,609,586 fireflies,3,0,2,106,380,2,10875,30940,57,0,1.4859,-0.2529,-0.1259,2.8923,160,14,1739
spawn,1781663,2,496,473 chain lightning,3,0,2,106,695,2,17000,12711,0,0,2.4466,-0.2741,-0.1682,4.4880,160,14,1739
spawn,1781827,4,274,251 star lattice,1,0,0,256,762,0,17000,14869,0,0,1.3233,0.0000,0.0000,4.5877,14,145,1740
spawn,1782548,4,392,369 sunlit shallows,0,0,0,256,978,2,17000,30238,0,0,1.2625,0.0000,0.0000,0.0997,14,145,1740
spawn,1783062,2,505,482 bolt rain,3,0,2,115,1263,2,15000,15107,0,0,1.2416,-0.2412,-0.1306,5.2859,145,87,1741
spawn,1783370,3,196,173 steiner necklace,3,0,2,110,1202,2,10125,23761,157,1,2.3399,0.1165,0.0529,3.2912,145,87,1741
spawn,1783506,4,378,355 heat shimmer,0,0,0,256,918,1,17000,5909,0,0,1.0701,0.0000,0.0000,0.6981,145,87,1741
spawn,1783925,1,265,242 quilted puff,1,0,1,145,796,1,17000,32385,1,1,2.2496,0.1729,-0.1329,5.5851,87,27,1742
spawn,1784479,4,314,291 moss carpet,1,0,0,256,793,0,17000,27943,0,0,1.3685,0.0000,0.0000,4.5877,87,27,1742
spawn,1785288,4,302,279 cell kaleido,1,0,0,256,824,2,17000,10643,0,0,1.1014,0.0000,0.0000,2.4933,27,15,1743
spawn,1785629,1,195,172 villarceau weave,2,0,2,69,1167,2,17000,29789,1,1,1.6974,-0.0059,-0.0176,4.1888,27,15,1743
spawn,1785807,2,519,496 storm horizon,2,0,2,69,952,2,17000,3706,0,0,2.2270,-0.0835,0.2929,2.7925,27,15,1743
spawn,1786140,4,397,374 god rays,0,0,0,256,763,1,17000,17738,0,0,1.3981,0.0000,0.0000,1.7952,15,90,1744
spawn,1786904,3,189,166 star trails,2,0,1,90,496,1,5203,9803,111,1,1.3258,-0.0671,-0.1588,2.1941,90,39,1745
spawn,1787006,4,631,608 lyapunov,0,0,0,256,1594,2,17000,24531,0,0,1.2460,0.0000,0.0000,1.8949,90,39,1745
spawn,1787013,4,401,378 wind streaks,0,0,0,256,1157,2,17000,22752,0,0,1.2288,0.0000,0.0000,1.2965,90,39,1745
spawn,1787509,2,219,196 craquelure,2,0,1,120,703,2,17000,3242,0,2,1.9109,-0.1447,0.1165,3.7899,90,39,1745
spawn,1787705,1,201,178 doyle spiral,2,0,2,125,1373,2,17000,15790,0,2,0.8393,0.0435,-0.2106,2.6928,90,39,1745
spawn,1788215,4,482,459 soft kaleido,0,0,0,256,614,2,17000,9147,0,0,1.2888,0.0000,0.0000,6.1835,39,22,1746
spawn,1788887,3,146,123 apollonian,3,0,2,82,430,2,6000,28731,0,1,0.9296,0.2435,-0.2882,6.2832,39,22,1746
spawn,1788968,4,340,317 dune sea,1,0,0,256,981,0,17000,3634,0,0,1.0899,0.0000,0.0000,1.5957,22,73,1747
spawn,1789296,2,139,116 hilbert unfold,3,0,1,123,752,0,6609,23980,0,0,1.1472,-0.0741,-0.2176,3.3909,22,73,1747
spawn,1789520,4,72,049 voronoi breath,0,0,0,256,1361,1,17000,32715,0,0,1.3101,0.0000,0.0000,2.5931,22,73,1747
spawn,1789760,4,182,159 caustic veil,1,0,0,256,1442,2,17000,19281,0,0,1.4342,0.0000,0.0000,2.4933,22,73,1747
spawn,1790000,4,67,044 majority quilt,0,0,0,256,709,2,17000,638,0,0,1.2419,0.0000,0.0000,4.4880,73,67,1748
spawn,1790240,4,303,280 barchan dunes,1,0,0,256,1099,0,17000,9319,0,0,1.2403,0.0000,0.0000,3.6901,73,67,1748
spawn,1790480,4,451,428 soft tartan,0,0,0,256,689,2,17000,25781,0,0,1.3332,0.0000,0.0000,4.2885,73,67,1748
spawn,1790826,2,223,200 lorenz ribbon,2,0,2,124,658,2,17000,9100,0,1,0.4370,0.2718,0.0859,3.3909,73,67,1748
spawn,1791033,3,537,514 bead lightning,3,0,2,86,479,2,8554,17423,0,0,1.9047,-0.2294,0.0129,2.9920,67,98,1749
spawn,1791199,1,55,032 harmonograph veil,2,0,1,175,790,2,17000,31977,0,0,2.4097,-0.0647,-0.1141,0.8976,67,98,1749
spawn,1791217,4,414,391 glass shards,0,0,0,256,670,1,17000,2939,0,0,1.3496,0.0000,0.0000,0.0000,67,98,1749
spawn,1791973,4,375,352 sunset bands,0,0,0,256,571,1,17000,17039,0,0,1.1293,0.0000,0.0000,5.2859,67,98,1749
spawn,1792481,3,515,492 helix bolt,3,0,1,80,562,1,7031,8646,0,0,0.5786,-0.1941,-0.2788,3.0917,98,174,1750
spawn,1792577,4,48,025 ember triad,0,0,0,256,1222,1,17000,30816,0,0,1.0677,0.0000,0.0000,4.2885,98,174,1750
spawn,1793040,2,514,491 jacobs ladder,3,0,1,132,1338,1,13250,19030,0,0,2.2147,0.1000,0.1847,4.0891,174,161,1751
spawn,1793345,1,197,174 braid loom,2,0,1,175,885,1,17000,28424,0,0,1.6933,-0.1212,0.0247,4.2885,174,161,1751
spawn,1793842,4,627,604 mandel deep,0,0,0,256,1252,2,17000,10108,0,0,1.1310,0.0000,0.0000,1.6955,174,161,1751
spawn,1794564,3,132,109 rain pond,3,0,2,104,742,2,10734,2178,0,0,0.5827,0.0529,-0.2176,3.4907,161,176,1752
spawn,1794931,1,100,077 mycelium veil,2,0,2,104,1440,2,17000,23043,84,1,1.3833,0.0882,-0.2365,5.5851,161,176,1752
spawn,1795220,4,441,418 breathing rings,0,0,0,256,752,2,17000,17605,0,0,1.1827,0.0000,0.0000,1.1968,176,108,1753
spawn,1795975,4,120,097 magenta fireworks,0,0,0,256,1069,2,17000,649,0,0,1.1556,0.0000,0.0000,0.8976,176,108,1753
spawn,1796350,3,563,540 cloud rift,2,0,1,107,320,2,10945,13488,75,0,2.3974,-0.1565,0.2788,6.1835,108,134,1754
spawn,1796498,2,596,573 matrix spokes,3,0,2,89,519,2,17000,6959,106,0,1.6522,-0.1847,0.1941,5.1861,108,134,1754
spawn,1797106,4,66,043 turing labyrinth,0,0,0,256,1044,2,17000,20048,0,0,1.1523,0.0000,0.0000,0.1995,108,134,1754
spawn,1797112,4,91,068 wormhole pond,1,0,0,256,1174,1,17000,19501,0,0,1.2025,0.0000,0.0000,4.0891,108,134,1754
spawn,1797604,4,416,393 grouted tiles,0,0,0,256,672,0,17000,4815,0,0,1.4104,0.0000,0.0000,2.3936,134,121,1755
spawn,1797908,1,248,225 peacock eyes,1,0,1,150,517,0,12687,20347,0,0,2.0935,0.1071,0.1000,3.3909,134,121,1755
spawn,1797987,2,567,544 nested rings,3,0,1,121,514,0,4500,12324,0,0,0.7038,-0.1729,0.1071,1.6955,134,121,1755
spawn,1798148,3,495,472 ribbon lightning,3,0,1,104,622,0,4255,26460,20,0,1.5003,0.1024,0.0553,1.5957,121,178,1756
spawn,1798410,4,17,asm,0,1,0,256,368,1,17000,269,0,0,1.0636,0.0000,0.0000,0.9973,121,178,1756
spawn,1798863,4,339,316 frost star,1,0,0,256,713,1,17000,12348,0,0,1.1605,0.0000,0.0000,2.0944,121,178,1756
spawn,1799190,4,278,255 lotus layers,1,0,0,256,618,1,17000,26416,0,0,1.2740,0.0000,0.0000,5.7845,178,34,1757
spawn,1799430,4,276,253 vine trellis,1,0,0,256,562,2,17000,10776,0,0,1.3849,0.0000,0.0000,0.6981,178,34,1757
spawn,1799676,2,56,033 rose engine,2,0,1,110,1077,2,17000,32257,79,1,0.7346,-0.1306,-0.0812,0.8976,178,34,1757
spawn,1799905,4,365,342 soft checker plasma,0,0,0,256,699,0,17000,20824,0,0,1.0767,0.0000,0.0000,0.0997,178,34,1757
spawn,1800150,1,148,125 attractor dust,2,0,4,90,1199,0,11968,7598,0,0,1.3812,-0.1776,-0.1918,1.8949,178,34,1757
spawn,1800545,3,511,488 lichtenberg tree,3,0,1,98,476,0,4783,14508,0,0,1.3196,0.0906,0.1565,5.5851,34,117,1758
spawn,1800639,4,117,094 thread web,0,0,0,256,972,0,17000,2343,0,0,1.0800,0.0000,0.0000,2.3936,34,117,1758
spawn,1801651,4,391,368 pool caustics,0,0,0,256,1074,1,17000,19195,0,0,1.1934,0.0000,0.0000,0.5984,117,93,1759
spawn,1802131,1,149,126 orbit lace,2,0,1,145,726,1,14000,1340,0,0,0.8044,0.2271,-0.0435,0.6981,117,93,1759
spawn,1802205,2,217,194 harmonic shell,2,0,1,108,612,1,14093,9246,53,0,0.9584,0.2553,0.1024,4.4880,117,93,1759
spawn,1802511,3,572,549 paper planes,3,0,1,115,462,1,6625,27762,0,0,1.3730,-0.2318,0.0106,2.8923,93,5,1760
spawn,1802730,4,112,089 oval drums,0,0,0,256,1092,2,17000,14117,0,0,1.2132,0.0000,0.0000,5.1861,93,5,1760
spawn,1803415,2,613,590 plankton wake,3,0,2,102,328,2,17000,25335,28,1,1.1226,-0.1800,-0.2788,6.2832,5,133,1761
spawn,1803575,1,258,235 petal rosette,1,0,1,154,884,2,17000,5088,0,0,1.3361,-0.0835,0.2200,0.0997,5,133,1761
spawn,1803883,4,143,120 rule loom,0,0,0,256,1216,0,14109,29937,0,0,1.1614,0.0000,0.0000,1.3963,5,133,1761
spawn,1804311,3,581,558 gear train,3,0,1,80,743,0,3778,18714,155,0,0.8783,0.2576,0.1259,3.2912,133,158,1762
spawn,1804544,2,109,086 gem orbit,2,0,1,136,1414,0,4992,11578,153,2,1.6912,-0.1282,0.0529,1.9947,133,158,1762
spawn,1805007,1,198,175 glenz vectors,1,0,1,155,1577,0,11406,1923,171,2,1.7035,0.2976,-0.1235,4.5877,133,158,1762
spawn,1805174,4,255,232 zebra flow,1,0,0,256,1197,2,17000,7829,0,0,1.3973,0.0000,0.0000,1.8949,133,158,1762
spawn,1805461,4,400,377 dune field,0,0,0,256,695,1,17000,23580,0,0,1.1819,0.0000,0.0000,3.6901,158,136,1763
spawn,1806181,4,53,030 octa facets,0,0,0,256,1518,2,17000,16354,0,0,1.3208,0.0000,0.0000,2.0944,158,136,1763
spawn,1806579,2,204,181 icosahedral mirror,2,0,2,88,563,2,17000,27618,0,2,1.0630,-0.1212,0.1729,3.4907,136,119,1764
spawn,1806772,3,568,545 spinning stars,3,0,2,88,433,2,8625,7711,61,1,1.4038,-0.2882,-0.1000,1.1968,136,119,1764
spawn,1806911,4,463,440 gouache smudge,0,0,0,256,980,1,17000,21691,0,0,1.2214,0.0000,0.0000,0.4987,136,119,1764
spawn,1807296,1,205,182 glass weave,2,0,4,90,694,1,17000,733,48,1,0.8270,0.0294,-0.1094,5.9840,136,119,1764
spawn,1807501,4,321,298 corner rays,1,0,0,256,724,2,17000,10355,0,0,1.3233,0.0000,0.0000,2.3936,119,56,1765
spawn,1807949,3,565,542 satellite orbits,3,0,2,83,323,2,10054,26945,0,0,2.0443,-0.1824,0.1329,6.2832,119,56,1765
spawn,1808129,2,160,137 rutt etra relief,2,0,2,83,1462,2,14250,17581,69,2,0.6299,0.0600,0.1235,4.8869,119,56,1765
spawn,1808200,4,181,158 blaze,1,0,0,256,1252,1,17000,23497,0,0,1.3126,0.0000,0.0000,4.8869,119,56,1765
spawn,1808943,1,62,039 butterfly lace,2,0,1,128,659,1,17000,31111,0,0,0.5088,-0.0412,0.2600,1.2965,56,24,1766
spawn,1809403,3,65,042 bz pinwheel,2,0,1,107,600,1,7453,5374,45,2,1.8821,0.2176,-0.1941,2.9920,56,24,1766
spawn,1809553,4,417,394 hex mosaic,0,0,0,256,629,0,17000,11698,0,0,1.0471,0.0000,0.0000,6.1835,24,130,1767
spawn,1810231,4,390,367 stellar nursery,0,0,0,256,667,0,17000,27569,0,0,1.2386,0.0000,0.0000,1.8949,24,130,1767
spawn,1810825,1,177,154 hyperbolic court,1,0,1,160,1092,0,13875,13971,50,0,0.4062,-0.2247,0.1329,2.8923,130,137,1768
spawn,1810997,4,459,436 wet washes,0,0,0,256,866,1,17000,21860,0,0,1.1038,0.0000,0.0000,4.1888,130,137,1768
spawn,1811516,2,75,052 orbit weave,3,0,1,139,1134,1,12437,2222,74,2,2.2270,-0.0106,0.2553,4.6875,137,46,1769
spawn,1811980,4,470,447 malachite,0,0,0,256,607,2,17000,8873,0,0,1.0989,0.0000,0.0000,4.3883,137,46,1769
spawn,1812579,4,337,314 tentacle curtain,1,0,0,256,1263,0,17000,23654,0,0,1.0381,0.0000,0.0000,3.7899,46,82,1770
spawn,1813036,3,585,562 gear cascade,3,0,1,72,663,0,3605,13464,0,0,0.8804,0.1494,0.1541,1.3963,46,82,1770
spawn,1813081,4,404,381 silk folds,0,0,0,256,708,2,17000,17390,0,0,1.2945,0.0000,0.0000,5.4853,46,82,1770
spawn,1813642,2,566,543 drifting polygons,3,0,2,109,600,2,16078,31778,0,0,1.8698,0.0835,-0.2812,2.2939,82,118,1771
spawn,1813824,4,12,asm,0,0,0,256,314,2,17000,24576,0,0,1.2477,0.0000,0.0000,2.5931,82,118,1771
spawn,1814113,1,599,576 matrix dense field,1,0,1,144,1193,2,22000,7103,160,0,1.2519,-0.2929,0.0553,1.1968,82,118,1771
spawn,1814214,4,443,420 elliptic rings,0,0,0,256,1287,2,17000,14027,0,0,1.2296,0.0000,0.0000,1.6955,82,118,1771
spawn,1814828,3,522,499 arc flash,3,0,2,82,603,2,9187,25362,0,0,1.2663,0.2271,-0.1659,3.6901,118,31,1772
spawn,1815070,2,77,054 starfield warp,2,0,2,82,1301,2,15562,10531,0,0,1.1431,-0.0506,0.0459,2.2939,118,31,1772
spawn,1815475,4,442,419 ring moire,0,0,0,256,853,1,17000,449,0,0,1.0792,0.0000,0.0000,3.7899,118,31,1772
spawn,1816272,1,250,227 wind grass,1,0,1,141,1207,1,17000,22007,0,0,2.0628,-0.0459,0.1282,3.8896,31,84,1773
spawn,1816378,4,289,266 sun dapples,1,0,0,256,658,1,17000,17461,0,0,1.0323,0.0000,0.0000,1.6955,31,84,1773
spawn,1816739,4,93,070 vortex petals,0,0,0,256,1252,0,17000,3408,0,0,1.1030,0.0000,0.0000,1.7952,84,69,1774
spawn,1817054,3,220,197 fern dust,3,0,1,108,361,0,4610,14202,0,0,1.6584,0.2247,-0.2576,1.6955,84,69,1774
spawn,1817239,2,594,571 clockwork pendulum,3,0,1,105,799,0,7189,27125,0,0,1.3977,0.0082,0.2765,1.7952,84,69,1774
spawn,1818087,4,419,396 byzantine tesserae,0,0,0,256,692,1,17000,16054,0,0,1.4285,0.0000,0.0000,0.5984,69,140,1775
spawn,1818626,3,612,589 grinder sparks,3,0,1,101,491,1,7140,31986,0,0,0.6792,0.2012,0.1494,5.7845,140,151,1776
spawn,1818821,4,466,443 ink tendrils,0,0,0,256,776,2,17000,23903,0,0,1.1425,0.0000,0.0000,3.6901,140,151,1776
spawn,1819150,1,240,217 dune field,1,0,1,159,528,2,17000,7507,0,0,1.7446,-0.2506,-0.2294,5.7845,140,151,1776
spawn,1819583,4,87,064 starburst forge,0,0,0,256,1459,0,17000,2292,0,0,1.1474,0.0000,0.0000,5.1861,140,151,1776
spawn,3400000,0,260,237 dew web,1,0,0,256,1607,0,17000,18134,0,0,1.1474,0.0000,0.0000,3.3909,160,99,3320
spawn,3400253,2,549,526 lightning heart,3,0,4,90,1020,0,7628,32328,0,2,1.2519,0.1188,0.0765,4.3883,160,99,3320
spawn,3400487,1,295,272 hex bokeh,1,0,1,170,1014,0,13781,8721,0,0,0.5806,-0.2388,-0.1376,3.2912,160,99,3320
spawn,3400721,3,98,075 coral lace,3,0,1,106,873,0,3808,26468,0,0,2.2167,-0.2482,-0.1024,5.9840,99,23,3321
spawn,3401471,4,398,375 wave interference,0,0,0,256,850,0,17000,12551,0,0,1.3241,0.0000,0.0000,0.7979,99,23,3321
spawn,3402166,2,518,495 lightning wheel,3,0,1,109,1061,0,5958,25451,0,2,2.0751,-0.1800,0.1588,4.9867,23,51,3322
spawn,3402376,1,172,149 bubble iris,2,0,1,171,889,0,8000,18638,0,0,2.0997,-0.2365,-0.0718,4.0891,23,51,3322
spawn,3402393,4,409,386 quilted padding,0,0,0,256,633,2,17000,5121,0,0,1.3068,0.0000,0.0000,1.1968,23,51,3322
spawn,3402994,3,610,587 slow snow,3,0,2,79,405,2,10710,13196,0,0,1.9540,-0.1471,0.1329,2.9920,51,55,3323
spawn,3403077,4,341,318 silk twist,1,0,0,256,1082,1,17000,30478,0,0,1.3545,0.0000,0.0000,0.8976,51,55,3323
spawn,3404049,1,216,193 cord braid,2,0,1,161,1153,1,17000,15182,46,1,1.7672,-0.2741,0.0412,0.7979,55,149,3324
spawn,3404136,4,15,asm,0,1,0,256,274,0,17000,6162,0,0,1.4326,0.0000,0.0000,5.7845,55,149,3324
spawn,3404477,4,421,398 broken plates,0,0,0,256,619,2,17000,27605,0,0,1.2740,0.0000,0.0000,1.6955,55,149,3324
spawn,3404810,2,97,074 slow lightning,3,0,2,97,695,2,17000,634,0,0,1.2067,0.0035,-0.2788,0.2992,149,37,3325
spawn,3405036,3,208,185 sandpile,2,0,1,96,923,2,10898,20098,0,0,2.1777,0.2341,-0.0765,5.3856,149,37,3325
spawn,3405179,4,297,274 moire kaleido,1,0,0,256,665,1,17000,24110,0,0,1.2518,0.0000,0.0000,1.2965,149,37,3325
spawn,3405673,4,67,044 majority quilt,0,0,0,256,990,2,17000,11077,0,0,1.0430,0.0000,0.0000,4.8869,149,37,3325
spawn,3406053,1,345,322 quasi twelve,1,0,1,176,908,2,17000,239,136,1,1.2232,0.2294,0.1282,1.5957,37,47,3326
spawn,3406527,2,200,177 sandpile mandala,3,0,2,79,498,2,17000,22535,0,0,0.6833,0.0906,-0.1541,6.1835,37,47,3326
spawn,3406790,4,413,390 cathedral panes,0,0,0,256,665,1,17000,5494,0,0,1.1647,0.0000,0.0000,5.3856,37,47,3326
spawn,3407502,3,525,502 thunder cell,2,0,1,81,868,1,7390,23572,77,0,0.8475,-0.0718,-0.1518,0.6981,47,123,3327
spawn,3407520,4,457,434 mandala dye,0,0,0,256,1059,2,17000,14434,0,0,1.0471,0.0000,0.0000,4.8869,47,123,3327
spawn,3408321,1,342,319 lattice bloom,1,0,1,134,800,2,17000,32616,0,0,2.0607,-0.0012,0.2882,4.4880,123,119,3328
spawn,3408574,4,270,247 pearl curtain,1,0,0,256,770,1,17000,28026,0,0,1.3241,0.0000,0.0000,6.2832,123,119,3328
spawn,3409032,4,0,asm,0,0,0,256,498,0,17000,14002,0,0,1.0759,0.0000,0.0000,0.8976,119,113,3329
spawn,3409455,2,157,134 aurora curtain,2,0,1,139,600,0,4500,22184,0,0,0.5129,0.1447,-0.0529,3.7899,119,113,3329
spawn,3409541,4,411,388 rose window,0,0,0,256,900,1,17000,6042,0,0,1.1236,0.0000,0.0000,4.4880,119,113,3329
spawn,3410055,1,137,114 khatim weave,2,0,1,136,1226,1,17000,30998,0,0,1.0774,0.0647,0.1776,1.9947,113,49,3330
spawn,3410256,3,210,187 harmonic lantern,3,0,1,99,567,1,6468,1635,4,2,2.3912,0.2718,-0.0059,5.9840,113,49,3330
spawn,3410467,4,405,382 velvet drape,0,0,0,256,730,1,17000,18305,0,0,1.1753,0.0000,0.0000,5.0864,113,49,3330
spawn,3411161,4,410,387 stained glass,0,0,0,256,776,0,17000,12105,0,0,1.0800,0.0000,0.0000,0.0997,49,93,3331
spawn,3411457,2,189,166 star trails,2,0,1,139,498,0,5853,18054,0,2,2.3132,-0.2082,0.0341,2.7925,49,93,3331
spawn,3411735,3,158,135 kelvin wake,2,0,1,112,428,0,4285,453,0,0,1.7795,0.1565,-0.0412,6.0837,49,93,3331
spawn,3411887,1,536,513 rolling front,2,0,1,159,808,0,13093,26249,0,0,1.0364,0.0553,0.1400,5.7845,49,93,3331
spawn,3411960,4,377,354 rolling mist,0,0,0,256,921,2,17000,6823,0,0,1.2181,0.0000,0.0000,3.4907,49,93,3331
spawn,3412513,2,104,081 poly morph,2,0,2,117,908,2,15468,461,135,1,1.1082,-0.1965,-0.1094,5.0864,93,84,3332
spawn,3412707,3,605,582 rising embers,3,0,2,104,599,2,10781,16998,25,0,2.0114,0.2459,0.2624,1.1968,93,84,3332
spawn,3412985,4,237,214 jelly bells,0,0,0,256,864,2,17000,14445,0,0,1.4153,0.0000,0.0000,2.9920,93,84,3332
spawn,3413514,1,124,101 physarum veil,2,0,1,156,1314,2,17000,24397,0,0,1.2683,-0.1871,0.0412,2.8923,84,146,3333
spawn,3413835,4,249,226 spiral galaxy,1,0,0,256,769,2,17000,4655,0,0,1.4318,0.0000,0.0000,5.4853,84,146,3333
spawn,3414172,4,284,261 gauze layers,1,0,0,256,1522,0,17000,14385,0,0,1.2140,0.0000,0.0000,4.8869,146,80,3334
spawn,3414412,4,454,431 bullseye tiedye,0,0,0,256,1239,1,17000,8468,0,0,1.4219,0.0000,0.0000,3.5904,146,80,3334
spawn,3414730,3,159,136 dipole lines,2,0,1,74,681,1,7203,16747,121,1,1.5023,-0.1282,-0.1424,0.1995,146,80,3334
spawn,3414811,2,596,573 matrix spokes,3,0,1,127,421,1,15187,31525,0,0,1.6276,0.0553,-0.2365,0.6981,146,80,3334
spawn,3415675,4,313,290 origami folds,0,0,0,256,651,2,17000,32389,0,0,1.1877,0.0000,0.0000,0.2992,80,67,3335
spawn,3416053,4,315,292 op waves,1,0,0,256,844,1,17000,15686,0,0,1.2058,0.0000,0.0000,3.6901,80,67,3335
spawn,3416373,3,204,181 icosahedral mirror,2,0,1,113,850,1,6421,4606,0,0,0.9645,-0.2482,-0.0271,6.1835,67,89,3336
spawn,3416613,1,113,090 diamond burst,2,0,1,155,966,1,17000,25510,0,0,0.7346,0.1894,0.2929,1.3963,67,89,3336
spawn,3416784,2,533,510 lissajous bolt,3,0,4,90,421,1,14125,31534,0,2,0.8516,-0.2576,-0.0388,2.9920,67,89,3336
spawn,3417092,4,402,379 raked garden,0,0,0,256,914,1,17000,20888,0,0,1.0742,0.0000,0.0000,4.6875,89,141,3337
spawn,3418051,4,306,283 coral polyps,1,0,0,256,832,2,17000,7553,0,0,1.0208,0.0000,0.0000,3.7899,89,141,3337
spawn,3418492,1,140,117 cloth lattice,2,0,2,68,1224,2,17000,22652,18,2,1.0240,0.0718,0.0906,1.8949,141,50,3338
spawn,3418888,4,226,203 aurora curtain,1,0,0,256,939,0,17000,32515,0,0,1.4121,0.0000,0.0000,2.1941,141,50,3338
spawn,3419274,4,390,367 stellar nursery,0,0,0,256,852,0,17000,11174,0,0,1.1449,0.0000,0.0000,0.6981,50,17,3339
spawn,3419632,2,529,506 ground strike,3,0,1,126,1284,0,7294,16422,0,0,1.2560,-0.2176,0.0059,3.8896,50,17,3339
spawn,3419863,3,524,501 st elmos fire,3,0,1,98,467,0,3280,784,0,0,1.9991,0.1118,0.1824,4.6875,50,17,3339
spawn,3420216,4,154,131 times table,1,0,0,256,1477,2,32768,25621,0,0,1.1762,0.0000,0.0000,2.1941,17,41,3340
spawn,3420649,1,160,137 rutt etra relief,2,0,2,71,657,2,17000,4684,79,0,2.2003,-0.0412,0.1306,4.5877,17,41,3340
spawn,3421305,3,149,126 orbit lace,2,0,2,71,408,2,6000,13963,3,0,1.1780,-0.3000,0.2624,1.1968,41,115,3341
spawn,3421689,4,389,366 planetary nebula,0,0,0,256,660,2,17000,20061,0,0,1.2033,0.0000,0.0000,3.2912,41,115,3341
spawn,3422075,1,61,038 guilloche rings,2,0,1,160,498,2,17000,2471,0,0,0.9358,-0.2859,-0.1565,4.3883,41,115,3341
spawn,3422423,2,166,143 caustic pool,3,0,2,109,976,2,17000,10577,0,2,2.3666,0.2529,-0.1471,4.9867,115,33,3342
spawn,3422437,4,433,410 warped mesh,0,0,0,256,1036,2,17000,14705,0,0,1.1630,0.0000,0.0000,5.8843,115,33,3342
spawn,3423158,1,51,028 quasicrystal,1,0,1,131,926,2,17000,26999,0,0,1.8739,-0.2035,-0.1212,4.7872,115,33,3342
spawn,3423383,3,497,474 storm front,2,0,2,87,473,2,9468,433,45,0,1.4633,0.2600,-0.1494,3.3909,33,54,3343
spawn,3423557,4,437,414 spiral rays,0,0,0,256,1028,0,17000,20494,0,0,1.0282,0.0000,0.0000,5.2859,33,54,3343
spawn,3424199,2,60,037 pendulum web,2,0,1,132,598,0,6873,11902,35,2,1.8021,-0.2247,0.2365,2.5931,33,54,3343
spawn,3424454,1,509,486 volcanic lightning,2,0,1,162,1172,0,13781,31824,117,2,1.6974,0.2129,0.3000,4.9867,54,25,3344
spawn,3424655,4,414,391 glass shards,0,0,0,256,658,0,17000,7227,0,0,1.4195,0.0000,0.0000,4.8869,54,25,3344
spawn,3425079,3,581,558 gear train,3,0,1,99,771,0,3778,20262,0,0,2.2270,-0.2365,0.2600,1.4960,54,25,3344
spawn,3425413,4,274,251 star lattice,1,0,0,256,619,2,17000,26254,0,0,1.1301,0.0000,0.0000,4.7872,25,132,3345
spawn,3425844,2,199,176 bob rosette,3,0,2,88,833,2,17000,10407,0,0,2.2413,-0.0835,-0.2576,4.2885,25,132,3345
spawn,3425858,4,240,217 dune field,1,0,0,256,920,1,17000,4252,0,0,1.0521,0.0000,0.0000,3.2912,25,132,3345
spawn,3426589,1,131,108 vega bulge,2,0,1,172,1110,1,17000,21517,145,1,0.7038,0.0059,-0.1824,0.2992,132,22,3346
spawn,3426794,4,391,368 pool caustics,0,0,0,256,701,1,17000,29965,0,0,1.2978,0.0000,0.0000,2.1941,132,22,3346
spawn,3427480,4,388,365 dark nebula,0,0,0,256,577,1,17000,10763,0,0,1.1630,0.0000,0.0000,1.2965,22,143,3347
spawn,3427830,3,206,183 string hyperboloid,3,0,1,102,747,1,6531,32673,0,0,0.5396,-0.1729,0.0859,1.2965,22,143,3347
spawn,3427982,2,562,539 spark rain,3,0,1,111,845,1,13406,18318,0,0,0.9501,0.2812,-0.1094,1.8949,22,143,3347
spawn,3428041,4,449,426 fisheye grid,0,0,0,256,1162,0,17000,5172,0,0,1.3266,0.0000,0.0000,5.9840,22,143,3347
spawn,3428474,1,272,249 canyon strata,1,0,1,153,953,0,14062,26042,0,0,1.2006,0.1918,-0.0812,5.1861,143,157,3348
spawn,3429217,4,183,160 chrome relief,0,0,0,256,1268,1,17000,14365,0,0,1.1942,0.0000,0.0000,2.7925,143,157,3348
spawn,3429678,2,622,599 dandelion seeds,3,0,1,110,445,1,13875,3457,52,2,1.9334,0.2271,0.1024,5.9840,157,65,3349
spawn,3429764,3,139,116 hilbert unfold,3,0,1,114,801,1,5875,20889,0,0,2.2003,0.1118,-0.2271,4.7872,157,65,3349
spawn,3429974,1,289,266 sun dapples,1,0,1,136,745,1,17000,31098,0,0,2.0361,0.2129,-0.0482,0.5984,157,65,3349
spawn,3430646,4,379,356 overcast lozenges,0,0,0,256,919,1,17000,27050,0,0,1.1326,0.0000,0.0000,1.7952,65,38,3350
spawn,3431059,2,218,195 aperture star,2,0,1,111,566,1,14312,7345,0,0,0.5314,0.0929,0.2624,4.1888,65,38,3350
spawn,3431246,1,153,130 pentagrid,2,0,1,153,602,1,17000,16973,0,2,1.1760,0.1894,0.2647,1.0971,65,38,3350
spawn,3431402,3,161,138 soap bubbles,2,0,1,90,574,1,4000,31790,3,0,1.4469,0.0365,-0.1682,2.4933,65,38,3350
spawn,3431634,4,374,351 rain veil,0,0,0,256,862,0,17000,12468,0,0,1.2395,0.0000,0.0000,2.7925,38,39,3351
spawn,3432324,2,541,518 sheet wash,2,0,1,112,943,0,8384,27539,64,0,1.3484,0.0294,-0.2129,3.1915,38,39,3351
spawn,3432473,4,452,429 soft argyle,0,0,0,256,628,1,17000,5672,0,0,1.3677,0.0000,0.0000,1.3963,39,170,3352
spawn,3432927,3,212,189 reiter crystal,3,0,1,88,554,1,7031,18941,0,0,2.2065,-0.0153,0.2318,0.2992,39,170,3352
spawn,3433110,1,319,296 truchet ribbons,1,0,1,180,789,1,17000,12381,0,0,0.7346,0.1706,-0.1212,0.8976,39,170,3352
spawn,3433219,4,407,384 corduroy waves,0,0,0,256,1011,2,17000,32247,0,0,1.0816,0.0000,0.0000,0.4987,39,170,3352
spawn,3434063,2,190,167 medusa drift,3,0,2,112,740,2,12000,22841,0,0,1.2067,-0.2341,0.0341,4.8869,170,177,3353
spawn,3434314,4,436,413 twin sunbursts,0,0,0,256,808,1,17000,5300,0,0,1.2337,0.0000,0.0000,1.4960,170,177,3353
spawn,3435161,1,176,153 loxodrome drift,2,0,1,174,1116,1,17000,12992,0,2,2.2126,0.2012,-0.2694,0.2992,177,125,3354
spawn,3435281,4,138,115 vega bulge,0,0,0,256,1085,2,17000,27551,0,0,1.2756,0.0000,0.0000,4.2885,177,125,3354
spawn,3436019,2,590,567 rolling pinions,2,0,2,88,1328,2,17000,6121,0,0,1.6111,0.0624,-0.2718,4.4880,125,31,3355
spawn,3436119,3,567,544 nested rings,3,0,2,88,719,2,6000,20402,41,2,1.2724,-0.1424,-0.1941,4.5877,125,31,3355
spawn,3436492,4,248,225 peacock eyes,1,0,0,256,726,0,17000,1204,0,0,1.3537,0.0000,0.0000,5.8843,125,31,3355
spawn,3436903,4,465,442 suminagashi,0,0,0,256,775,2,17000,12459,0,0,1.2230,0.0000,0.0000,0.0997,31,62,3356
spawn,3437651,1,224,201 lava lamp,2,0,2,139,652,2,17000,25637,104,1,1.8924,-0.2435,0.2224,6.1835,62,94,3357
spawn,3437703,4,376,353 storm front,0,0,0,256,611,1,17000,19690,0,0,1.4112,0.0000,0.0000,2.3936,62,94,3357
spawn,3438289,3,114,091 diamond confetti,2,0,1,91,594,1,6703,2433,123,2,2.2619,-0.1000,-0.0435,3.7899,62,94,3357
spawn,3438367,4,91,068 wormhole pond,1,0,0,256,1425,0,17000,11018,0,0,1.0636,0.0000,0.0000,2.2939,62,94,3357
spawn,3438789,2,617,594 ember column,3,0,4,90,490,0,7646,23061,3,0,0.4862,0.2388,0.2106,6.2832,94,7,3358
spawn,3438977,1,312,289 sea anemone,1,0,1,175,733,0,13375,16673,0,0,1.8698,0.0435,0.0906,3.5904,94,7,3358
spawn,3439661,3,546,523 strike cascade,3,0,1,107,459,0,4357,29126,112,1,2.1900,0.2106,0.0106,2.6928,7,129,3359
spawn,3439889,4,408,385 flag ripple,0,0,0,256,723,0,17000,3968,0,0,1.3208,0.0000,0.0000,4.2885,7,129,3359
spawn,3440473,1,287,264 root veins,1,0,1,131,770,0,13062,20956,0,0,1.4223,0.2082,0.2012,4.3883,7,129,3359
spawn,3440635,4,450,427 twisted grid,0,0,0,256,1483,1,17000,13025,0,0,1.2748,0.0000,0.0000,4.6875,7,129,3359
spawn,3441163,3,565,542 satellite orbits,3,0,1,115,401,1,6703,3850,86,0,2.2845,0.1188,0.0671,1.5957,129,163,3360
spawn,3441548,2,589,566 sprocket chain,3,0,1,131,525,1,11500,29498,0,0,1.1328,-0.1165,-0.0576,6.1835,129,163,3360
spawn,3441896,1,599,576 matrix dense field,1,0,1,146,790,1,14000,21278,32,0,2.0135,-0.2435,-0.1024,4.1888,163,107,3361
spawn,3442154,4,70,047 target choir,0,0,0,256,1183,2,17000,6170,0,0,1.3603,0.0000,0.0000,5.4853,163,107,3361
spawn,3442542,3,133,110 firefly sync,3,0,2,85,922,2,7125,30940,0,0,1.4900,0.2318,-0.1376,5.7845,163,107,3361
spawn,3442883,4,85,062 twist corridor,0,0,0,256,1505,1,17000,17162,0,0,1.0734,0.0000,0.0000,3.0917,107,85,3362
spawn,3443122,4,476,453 bathymetry,0,0,0,256,912,2,17000,7328,0,0,1.1992,0.0000,0.0000,4.9867,107,85,3362
spawn,3443464,1,277,254 pinwheel ribs,1,0,1,162,717,2,17000,15690,0,0,0.4842,-0.0600,0.0600,1.4960,107,85,3362
spawn,3443614,2,195,172 villarceau weave,2,0,2,120,684,2,17000,10603,152,0,1.5106,0.0929,0.1824,2.0944,107,85,3362
spawn,3444078,4,66,043 turing labyrinth,0,0,0,256,1047,1,17000,28251,0,0,1.3529,0.0000,0.0000,4.8869,85,26,3363
spawn,3444827,3,217,194 harmonic shell,2,0,1,98,570,1,7046,14342,0,0,2.2188,0.0929,-0.1141,2.0944,26,165,3364
spawn,3444971,1,223,200 lorenz ribbon,2,0,1,150,659,1,17000,7583,40,0,0.5375,-0.0718,0.0294,5.0864,26,165,3364
spawn,3445164,4,489,466 light leaks,0,0,0,256,905,2,17000,3324,0,0,1.3068,0.0000,0.0000,1.4960,26,165,3364
spawn,3445688,2,619,596 frost glints,3,0,4,90,371,2,17000,20118,122,1,1.0220,0.1871,0.0600,0.0997,26,165,3364
spawn,3446134,4,71,048 excitable spirals,0,0,0,256,1594,1,17000,9609,0,0,1.1819,0.0000,0.0000,2.0944,165,159,3365
spawn,3446637,1,349,326 spirograph veil,1,0,1,128,659,1,17000,25184,0,0,1.0405,-0.1118,0.0529,5.1861,165,159,3365
spawn,3446996,3,569,546 floating lanterns,3,0,1,98,645,1,5921,16785,0,0,0.7839,-0.0694,-0.1753,2.0944,159,175,3366
spawn,3447138,2,325,302 cirrus streaks,2,0,1,103,554,1,14187,720,0,0,0.4103,0.2012,-0.0671,4.5877,159,175,3366
spawn,3447702,4,275,252 fog banks,0,0,0,256,946,2,17000,20382,0,0,1.2140,0.0000,0.0000,1.0971,159,175,3366
spawn,3448220,1,219,196 craquelure,2,0,1,137,813,2,17000,7130,0,0,0.4842,0.1306,-0.2882,2.6928,175,127,3367
spawn,3448605,2,591,568 rack and pinion,3,0,2,105,1108,2,17000,27041,81,2,2.2106,0.0859,-0.0929,1.7952,175,127,3367
spawn,3448680,4,286,263 pine needles,0,0,0,256,876,1,17000,13493,0,0,1.1934,0.0000,0.0000,0.1995,175,127,3367
spawn,3449134,3,495,472 ribbon lightning,3,0,1,97,564,1,6546,19823,0,0,1.7425,0.2247,0.2576,1.5957,127,21,3368
spawn,3449585,4,423,400 spun metal,0,0,0,256,1051,2,17000,2590,0,0,1.4293,0.0000,0.0000,4.5877,127,21,3368
spawn,3450012,1,582,559 planetary set,2,0,2,92,1177,2,17000,10691,0,0,0.4123,-0.1329,0.0906,3.9893,21,122,3369
spawn,3450449,2,566,543 drifting polygons,3,0,2,92,1033,2,16078,26096,105,1,1.4654,0.2718,-0.2812,2.4933,21,122,3369
spawn,3450653,4,112,089 oval drums,0,0,0,256,1484,2,17000,17347,0,0,1.3455,0.0000,0.0000,4.6875,21,122,3369
spawn,3451292,3,522,499 arc flash,3,0,2,94,693,2,9187,5190,0,2,2.0997,-0.2129,-0.0718,5.3856,122,174,3370
spawn,3452118,1,174,151 chladni filaments,2,0,2,118,950,2,17000,29670,102,0,1.6604,-0.2271,0.1047,3.7899,174,88,3371
spawn,3452258,4,16,asm,0,1,0,256,220,0,17000,23642,0,0,1.0644,0.0000,0.0000,5.7845,174,88,3371
spawn,3452648,4,31,008 octa mandala,0,0,0,256,1016,1,17000,11502,0,0,1.1088,0.0000,0.0000,6.2832,174,88,3371
spawn,3452905,3,584,561 edge gear,3,0,1,74,502,1,7156,19854,0,0,0.4287,0.1282,-0.2929,4.2885,174,88,3371
spawn,3453169,2,94,071 silk currents,2,0,1,127,909,1,13812,2210,0,0,0.6299,0.0435,0.1847,6.1835,88,96,3372
spawn,3453725,4,456,433 shibori stripes,0,0,0,256,769,2,17000,28308,0,0,1.1441,0.0000,0.0000,4.0891,88,96,3372
spawn,3454293,3,573,550 kites on strings,3,0,2,91,486,2,9960,16458,0,0,2.2804,-0.0459,-0.1824,0.7979,96,179,3373
spawn,3454461,4,336,313 plume spiral,1,0,0,256,583,0,17000,4209,0,0,1.2904,0.0000,0.0000,3.6901,96,179,3373
spawn,3454794,4,467,444 ink wash gradient,0,0,0,256,511,1,17000,25575,0,0,1.0923,0.0000,0.0000,5.5851,96,179,3373
spawn,3455423,4,243,220 honeycomb breath,1,0,0,256,1496,2,17000,7849,0,0,1.2723,0.0000,0.0000,0.8976,179,71,3374
spawn,3455876,1,238,215 coral fan,1,0,1,162,430,2,17000,24267,127,2,1.5804,0.1141,0.0318,5.4853,179,71,3374
spawn,3455975,2,221,198 whirl nest,2,0,1,117,705,2,17000,31911,119,2,1.2232,0.0482,-0.0341,3.5904,179,71,3374
spawn,3456100,3,537,514 bead lightning,3,0,2,88,427,2,8554,13618,0,0,2.2044,0.2247,0.2294,5.9840,71,4,3375
spawn,3456829,4,460,437 granulation,0,0,0,256,758,0,17000,12086,0,0,1.2156,0.0000,0.0000,3.9893,71,4,3375
spawn,3457128,1,519,496 storm horizon,2,0,1,145,1067,0,14781,26308,83,0,1.4880,0.2741,-0.2671,0.3989,4,3,3376
spawn,3457333,2,612,589 grinder sparks,3,0,1,129,705,0,8033,1725,0,0,1.0425,0.2459,0.1682,5.9840,4,3,3376
spawn,3457557,3,547,524 orbiting balls,3,0,1,74,672,0,4438,20646,0,0,2.1202,-0.1565,0.1047,4.6875,4,3,3376
spawn,3457626,4,303,280 barchan dunes,1,0,0,256,965,2,17000,7390,0,0,1.0710,0.0000,0.0000,2.7925,4,3,3376
spawn,3458660,4,372,349 aurora sheets,0,0,0,256,681,2,17000,23338,0,0,1.2805,0.0000,0.0000,4.7872,3,58,3377
spawn,3459136,1,601,578 matrix side rain,2,0,2,131,1073,2,17000,4159,0,0,1.6625,0.1965,0.1424,1.5957,58,1,3378
spawn,3459247,2,583,560 gear silhouettes,3,0,2,115,965,2,17000,15952,0,0,1.1575,0.2294,-0.2671,5.3856,58,1,3378
spawn,3459384,3,203,180 hilbert weave,3,0,2,101,545,2,9187,29705,0,2,2.1716,0.0365,-0.1941,3.4907,58,1,3378
spawn,3459499,4,430,407 geodesic dome,0,0,0,256,687,0,17000,10015,0,0,1.0208,0.0000,0.0000,0.8976,58,1,3378
spawn,3460191,4,382,359 star cloud,0,0,0,256,794,2,17000,21093,0,0,1.2362,0.0000,0.0000,5.2859,1,116,3379
spawn,3460957,2,59,036 epicycle lace,2,0,1,124,835,2,17000,32580,0,0,0.4103,-0.2176,0.0059,1.4960,1,116,3379
spawn,3461132,1,74,051 firework garden,1,0,1,142,1015,2,22000,10284,0,0,0.6915,0.0576,-0.0906,1.5957,116,24,3380
spawn,3461136,4,361,338 warped plasma,0,0,0,256,792,2,17000,15913,0,0,1.2082,0.0000,0.0000,1.7952,116,24,3380
spawn,3462010,4,269,246 sinew strands,1,0,0,256,769,1,17000,21701,0,0,1.3742,0.0000,0.0000,6.1835,116,24,3380
spawn,3462554,4,491,468 hue clouds,0,0,0,256,858,0,17000,5580,0,0,1.1622,0.0000,0.0000,2.0944,24,139,3381
spawn,3462953,3,544,521 star bolt,3,0,1,82,485,0,4387,22034,0,0,2.3994,0.1424,0.1682,1.2965,24,139,3381
spawn,3463210,1,194,171 physarum veil,2,0,1,142,1003,0,14500,29788,0,0,2.3440,-0.2906,0.1047,4.4880,139,16,3382
spawn,3463244,2,32,009 lissa web,2,0,1,127,1224,0,8103,15027,0,0,1.3894,0.0529,-0.0506,5.5851,139,16,3382
spawn,3463476,4,441,418 breathing rings,0,0,0,256,1450,1,17000,9106,0,0,1.2353,0.0000,0.0000,4.2885,139,16,3382
spawn,3464901,4,318,295 meander key,1,0,0,256,606,2,17000,27515,0,0,1.2863,0.0000,0.0000,0.1995,16,158,3383
spawn,3465339,4,426,403 damascus steel,0,0,0,256,1476,0,17000,10323,0,0,1.3077,0.0000,0.0000,2.8923,158,44,3384
spawn,3465663,1,193,170 gyroid veil,2,0,1,158,881,0,13062,24626,0,0,1.2930,-0.2482,-0.1800,4.1888,158,44,3384
spawn,3466054,2,574,551 hummingbirds,3,0,1,105,531,0,7875,1517,0,1,2.3686,-0.2859,0.0624,5.3856,158,44,3384
spawn,3466550,3,79,056 ribbon swarm,2,0,1,95,1118,0,3117,16972,0,0,0.4657,0.1588,-0.2506,0.4987,44,155,3385
spawn,3466896,4,40,017 metaball kiss,0,0,0,256,1169,0,17000,1654,0,0,1.1811,0.0000,0.0000,5.5851,44,155,3385
spawn,3467516,4,371,348 dawn clouds,0,0,0,256,864,1,17000,25722,0,0,1.1260,0.0000,0.0000,0.7979,155,152,3386
spawn,3468138,2,77,054 starfield warp,2,0,1,119,1273,1,10375,11061,0,0,1.6871,-0.1118,0.1988,3.1915,155,152,3386
spawn,3468245,1,600,577 matrix sparse spark,2,0,1,147,1513,1,17000,19930,118,0,1.2129,-0.2647,-0.1965,2.7925,155,152,3386
spawn,3468489,4,365,342 soft checker plasma,0,0,0,256,901,2,17000,474,0,0,1.0685,0.0000,0.0000,0.5984,152,56,3387
spawn,3469014,3,602,579 matrix pileup,2,0,4,90,816,2,6000,25515,0,0,1.8595,0.2012,0.2553,4.4880,152,56,3387
spawn,3469377,4,455,432 crumple dye,0,0,0,256,1131,0,17000,4921,0,0,1.2773,0.0000,0.0000,1.5957,56,134,3388
spawn,3470339,2,551,528 lightning comet,3,0,1,105,409,0,7048,20827,0,0,2.2126,0.1682,-0.2976,0.4987,134,100,3389
spawn,3470477,1,347,324 braid ropes,1,0,1,142,837,0,13250,12050,42,1,1.0076,-0.0247,-0.1706,5.0864,134,100,3389
spawn,3470547,4,479,456 lava wall,0,0,0,256,885,0,17000,28411,0,0,1.1564,0.0000,0.0000,0.1995,134,100,3389
spawn,3471039,3,572,549 paper planes,3,0,1,111,388,0,4306,5369,117,1,1.9067,0.1729,0.0271,3.0917,134,100,3389
spawn,3471519,4,362,339 plasma lozenge,0,0,0,256,789,1,17000,20944,0,0,1.0545,0.0000,0.0000,0.5984,100,101,3390
spawn,3472068,2,171,148 pendulum wave,3,0,1,102,631,1,13781,6240,0,0,1.4921,0.3000,0.1518,1.6955,100,101,3390
spawn,3472382,4,119,096 scanline butterfly,1,0,0,256,1121,1,17000,29829,0,0,1.3348,0.0000,0.0000,3.2912,100,101,3390
spawn,3473098,3,607,584 filament web,3,0,1,111,552,1,7312,12533,0,0,0.9296,-0.0294,-0.1941,0.4987,101,112,3391
spawn,3473293,1,346,323 brush strokes,1,0,1,162,597,1,17000,5395,13,0,2.3399,0.0882,-0.2059,0.2992,101,112,3391
spawn,3473381,2,116,093 cathedral fan,2,0,1,118,1125,1,13812,22349,36,2,0.6320,0.2388,-0.2129,0.5984,101,112,3391
spawn,3473579,4,53,030 octa facets,0,0,0,256,827,2,17000,25657,0,0,1.2830,0.0000,0.0000,2.6928,112,120,3392
spawn,3473585,4,48,025 ember triad,0,0,0,256,1249,0,17000,378,0,0,1.1795,0.0000,0.0000,2.8923,112,120,3392
spawn,3473591,4,393,370 deep water,0,0,0,256,887,1,17000,1698,0,0,1.2740,0.0000,0.0000,1.7952,112,120,3392
spawn,3474536,1,81,058 fountain arcs,2,0,1,137,1150,1,16078,14147,35,0,2.3111,0.1729,0.2412,4.3883,120,52,3393
spawn,3474592,4,403,380 dry lakebed,0,0,0,256,775,1,17000,7670,0,0,1.3841,0.0000,0.0000,2.7925,120,52,3393
spawn,3475012,3,532,509 lightning circle,3,0,1,81,355,1,6890,31443,0,0,0.4082,-0.0929,-0.1494,0.1995,120,52,3393
spawn,3475422,2,27,004 mirror truchet,2,0,1,127,846,1,15125,20816,0,0,2.3645,-0.0224,0.2482,2.6928,120,52,3393
spawn,3475485,4,358,335 aurora dome,1,0,0,256,575,1,17000,10767,0,0,1.3447,0.0000,0.0000,0.7979,52,102,3394
spawn,3475888,4,317,294 wisteria,1,0,0,256,744,2,17000,32746,0,0,1.1778,0.0000,0.0000,0.6981,52,102,3394
spawn,3476281,4,486,463 julia drift,0,0,0,256,716,2,32768,10991,0,0,1.2822,0.0000,0.0000,5.2859,52,102,3394
spawn,3476629,1,604,581 matrix corners,2,0,1,134,784,2,17000,29478,0,0,2.2968,-0.2318,-0.1000,3.0917,102,117,3395
spawn,3477029,4,406,383 satin ripples,0,0,0,256,936,1,17000,17622,0,0,1.3553,0.0000,0.0000,2.9920,102,117,3395
spawn,3477584,2,146,123 apollonian,3,0,1,112,794,1,8000,24818,69,0,1.1308,-0.2929,0.1612,2.8923,117,20,3396
spawn,3477771,3,132,109 rain pond,3,0,1,109,1193,1,7156,5169,11,1,1.6584,-0.2835,0.1776,5.8843,117,20,3396
spawn,3478020,4,440,417 sun halo,0,0,0,256,881,0,17000,30911,0,0,1.2937,0.0000,0.0000,0.7979,117,20,3396
spawn,3478742,1,335,312 membrane web,1,0,1,141,752,0,14500,19477,0,0,0.9768,0.0741,-0.2035,4.5877,20,153,3397
spawn,3478991,4,121,098 gear flower quad,0,0,0,256,1188,1,17000,10531,0,0,1.3849,0.0000,0.0000,3.0917,20,153,3397
spawn,3479343,2,616,593 lantern drift,3,0,1,101,570,1,14093,30893,0,0,0.9317,-0.1682,-0.1800,4.5877,20,153,3397
spawn,3479993,3,62,039 butterfly lace,2,0,1,90,390,1,6312,25052,0,2,0.6853,-0.1259,0.0859,0.4987,153,15,3398
spawn,3480281,4,69,046 rps trichrome,0,0,0,256,1122,1,17000,1959,0,0,1.1868,0.0000,0.0000,6.0837,153,15,3398
spawn,3480790,2,503,480 tesla coil,3,0,1,123,1414,1,11593,17971,0,0,0.9543,-0.0671,0.1212,3.6901,15,110,3399
spawn,3481093,1,563,540 cloud rift,2,0,1,167,806,1,17000,13121,78,1,2.1757,-0.1118,-0.1518,0.8976,15,110,3399
spawn,3481484,3,593,570 orrery,3,0,1,110,464,1,6906,24967,0,0,2.2886,-0.1682,-0.2671,2.1941,15,110,3399
spawn,3481505,4,47,024 munch frost,0,0,0,256,1253,0,17000,5765,0,0,1.2411,0.0000,0.0000,4.8869,15,110,3399
spawn,3482507,1,214,191 hopf weave,2,0,1,178,1549,0,14531,28967,9,0,2.1305,-0.1188,0.0365,6.1835,110,76,3400
spawn,3482768,4,459,436 wet washes,0,0,0,256,638,0,17000,18203,0,0,1.3660,0.0000,0.0000,4.0891,76,10,3401
spawn,3483138,3,588,565 pinion ladder,3,0,1,83,413,0,4113,6213,0,2,1.7323,-0.2106,0.2200,3.9893,76,10,3401
spawn,3483377,2,502,479 spider lightning,3,0,1,119,630,0,7013,1320,171,0,2.3707,0.1094,0.0953,5.4853,76,10,3401
spawn,3483443,4,451,428 soft tartan,0,0,0,256,753,1,17000,22782,0,0,1.2592,0.0000,0.0000,3.3909,76,10,3401
spawn,3484216,4,468,445 alcohol ink,0,0,0,256,819,2,17000,13513,0,0,1.2781,0.0000,0.0000,2.7925,10,136,3402
spawn,3484570,3,575,552 koi shapes,3,0,2,110,243,2,10429,26862,0,2,1.1636,-0.0224,-0.0600,1.5957,10,136,3402
spawn,3484779,1,305,282 comb jelly,1,0,1,131,543,2,17000,1106,0,0,1.1041,-0.2412,0.0176,0.9973,136,68,3403
spawn,3485024,2,580,557 gear pair,3,0,2,115,686,2,17000,18621,0,0,0.5663,0.1965,0.0506,0.0997,136,68,3403
spawn,3485118,4,253,230 nebula wisps,1,0,0,256,684,0,17000,25730,0,0,1.1416,0.0000,0.0000,1.6955,136,68,3403
spawn,3485608,4,106,083 patch quilt,0,0,0,256,1171,0,17000,13490,0,0,1.3216,0.0000,0.0000,0.8976,136,68,3403
spawn,3485976,3,215,192 steiner pearls,3,0,1,95,770,0,3839,29544,0,0,1.3073,0.2600,-0.0059,0.0997,68,74,3404
spawn,3486573,2,185,162 orbital lobes,2,0,1,134,612,0,6714,24253,0,1,0.5416,-0.2412,-0.1612,4.9867,68,74,3404
spawn,3486803,1,257,234 wave terraces,2,0,1,136,1141,0,14281,4677,0,0,0.9358,-0.1871,-0.0882,1.7952,74,35,3405
spawn,3486811,4,26,003 hex snowfold,0,0,0,256,676,1,17000,20190,0,0,1.2066,0.0000,0.0000,0.5984,74,35,3405
spawn,3487580,4,384,361 gas pillars,0,0,0,256,635,2,17000,30079,0,0,1.3619,0.0000,0.0000,0.4987,74,35,3405
spawn,3488191,4,327,304 twill weave,0,0,0,256,960,0,17000,18306,0,0,1.0718,0.0000,0.0000,5.5851,35,12,3406
spawn,3488674,3,560,537 pylon arcs,3,0,1,80,455,0,4519,2780,0,0,1.3935,0.0929,0.1212,4.1888,35,12,3406
spawn,3489082,1,230,207 ribbed drape,1,0,1,165,973,0,14093,12448,0,2,1.4757,0.1024,0.1212,4.9867,12,32,3407
spawn,3489171,4,72,049 voronoi breath,0,0,0,256,1347,1,17000,23379,0,0,1.0570,0.0000,0.0000,1.3963,12,32,3407
spawn,3489583,2,63,040 maurer rose,2,0,1,140,534,1,14000,1762,111,2,2.2065,-0.3000,-0.2741,4.2885,12,32,3407
spawn,3490052,3,624,601 glyph glints,3,0,1,94,332,1,5796,16836,0,0,1.5537,-0.0129,0.1776,5.1861,32,14,3408
spawn,3490517,4,368,345 tri plasma,0,0,0,256,844,2,17000,31981,0,0,1.2608,0.0000,0.0000,3.3909,32,14,3408
spawn,3490962,2,220,197 fern dust,3,0,2,135,549,2,17000,15833,156,0,1.6748,0.0647,0.1824,4.6875,14,130,3409
spawn,3491260,1,162,139 harmonic orb,2,0,1,130,427,2,17000,24756,107,0,0.6915,0.1682,-0.1400,2.9920,14,130,3409
spawn,3491387,3,571,548 soap bubbles,3,0,2,72,340,2,9164,7508,54,1,1.1821,-0.0929,-0.2176,0.1995,14,130,3409
spawn,3491434,4,117,094 thread web,0,0,0,256,741,0,17000,11473,0,0,1.3718,0.0000,0.0000,4.4880,14,130,3409
spawn,3492032,2,506,483 sea lightning,3,0,1,120,437,0,7119,16108,0,0,1.9006,-0.1188,0.2953,3.7899,130,53,3410
spawn,3492267,4,209,186 marbling,0,0,0,256,668,2,32768,30266,0,0,1.2789,0.0000,0.0000,2.8923,130,53,3410
spawn,3492935,1,356,333 tulle gather,1,0,1,150,457,2,17000,14082,0,0,0.4718,0.0600,-0.0624,6.0837,53,109,3411
spawn,3493031,4,24,001 kaleido rose,0,0,0,256,954,1,17000,22913,0,0,1.1984,0.0000,0.0000,4.3883,53,109,3411
spawn,3493391,4,471,448 wood grain,0,0,0,256,515,2,17000,886,0,0,1.1293,0.0000,0.0000,1.2965,53,109,3411
spawn,3493696,3,170,147 tesseract drift,3,0,2,97,711,2,7429,6791,64,0,2.1305,-0.0859,-0.0694,4.8869,53,109,3411
spawn,3493887,2,517,494 upward streamers,3,0,2,113,807,2,17000,22575,90,0,2.2660,-0.1212,0.1000,0.8976,53,109,3411
spawn,3493930,4,64,041 cyclic bloom,0,0,0,256,1507,1,17000,17251,0,0,1.3027,0.0000,0.0000,1.8949,109,148,3412
spawn,3494531,1,65,042 bz pinwheel,2,0,1,128,937,1,17000,31195,0,0,0.6094,-0.2859,-0.2341,5.5851,109,148,3412
spawn,3495542,4,326,303 sand dollars,1,0,0,256,601,2,17000,24082,0,0,1.0389,0.0000,0.0000,0.4987,148,98,3413
spawn,3496021,3,150,127 dipole filings,3,0,2,90,809,2,7101,8858,0,0,1.7364,0.1988,0.2035,0.6981,98,11,3414
spawn,3496225,1,603,580 matrix rising,1,0,1,146,940,2,22000,32253,0,0,1.2252,-0.0624,0.1188,1.6955,98,11,3414
spawn,3496251,4,397,374 god rays,0,0,0,256,886,1,17000,3373,0,0,1.0479,0.0000,0.0000,5.0864,98,11,3414
spawn,3496758,2,618,595 mote swarm,3,0,4,90,409,1,14312,21586,0,0,0.4431,0.0412,-0.2788,4.5877,98,11,3414
spawn,3497280,4,298,275 smoke rings,1,0,0,256,884,1,17000,13773,0,0,1.4096,0.0000,0.0000,1.0971,11,133,3415
spawn,3497898,4,364,341 nested sines,0,0,0,256,853,2,17000,32698,0,0,1.3249,0.0000,0.0000,4.6875,11,133,3415
spawn,3498202,3,586,563 corner train,3,0,2,83,245,2,9492,17048,0,0,2.0997,0.1471,0.1612,1.8949,133,103,3416
spawn,3498297,2,178,155 knot loom,2,0,2,98,576,2,17000,8513,0,0,1.0056,0.1494,0.1965,1.4960,133,103,3416
spawn,3498501,1,213,190 glenz vectors,2,0,2,98,566,2,17000,24156,0,0,1.2950,0.2529,0.1800,1.1968,133,103,3416
spawn,3498745,4,367,344 silk bands,0,0,0,256,1194,2,17000,4247,0,0,1.4236,0.0000,0.0000,5.8843,133,103,3416
spawn,3499405,3,594,571 clockwork pendulum,3,0,2,75,511,2,9585,11464,81,0,1.3894,0.2012,0.0718,2.4933,103,135,3417
spawn,3499707,1,109,086 gem orbit,2,0,1,140,1162,2,17000,18135,0,0,1.3648,-0.1329,-0.1424,5.6848,103,135,3417
spawn,3499836,2,175,152 pentagrid lattice,2,0,2,84,1103,2,17000,30482,9,1,2.3974,-0.2435,0.1353,2.7925,103,135,3417
spawn,3500004,4,404,381 silk folds,0,0,0,256,712,0,17000,7739,0,0,1.1926,0.0000,0.0000,4.9867,103,135,3417
spawn,3500776,4,73,050 turing spots,1,0,0,256,1103,2,17000,2976,0,0,1.1400,0.0000,0.0000,2.8923,135,43,3418
spawn,3501446,3,608,585 constellation connect,3,0,2,70,632,2,9656,8521,159,1,1.5126,0.0200,0.2953,0.0997,43,143,3419
spawn,3501718,1,188,165 vortex street,2,0,1,176,1012,2,17000,20522,27,2,1.1123,-0.1965,0.0553,3.4907,43,143,3419
spawn,3501857,2,58,035 string cardioid,2,0,1,121,481,2,14625,28674,19,1,2.4569,-0.0271,0.1188,5.5851,43,143,3419
spawn,3501870,4,380,357 twilight glow,0,0,0,256,766,1,17000,15626,0,0,1.0858,0.0000,0.0000,2.1941,43,143,3419
spawn,3502594,4,87,064 starburst forge,0,0,0,256,1281,1,17000,5380,0,0,1.0479,0.0000,0.0000,3.1915,143,147,3420
spawn,3503214,2,494,471 ball lightning,3,0,1,118,513,1,11343,11795,0,0,1.1267,-0.1588,-0.0459,0.0000,147,131,3421
spawn,3503462,3,82,059 binary dance,3,0,1,110,604,1,6484,24851,0,0,2.4754,0.2129,0.1212,5.3856,147,131,3421
spawn,3503666,1,141,118 harmonic lantern,2,0,1,129,1458,1,17000,19597,148,0,1.5147,0.1541,-0.0765,1.1968,147,131,3421
spawn,3503858,4,477,454 heat contours,0,0,0,256,885,2,17000,30175,0,0,1.0225,0.0000,0.0000,5.4853,147,131,3421
spawn,3504745,2,609,586 fireflies,3,0,4,90,608,2,17000,8388,0,0,1.9868,-0.2576,0.2271,4.2885,131,20,3422
spawn,3504847,4,232,209 smoke field,1,0,0,256,938,1,17000,2713,0,0,1.3430,0.0000,0.0000,2.9920,131,20,3422
spawn,3505425,3,528,505 lightning spiral,3,0,1,74,418,1,6390,26827,0,0,2.3009,0.0341,-0.1188,5.7845,20,78,3423
spawn,3505640,4,422,399 brushed metal,0,0,0,256,800,2,17000,13859,0,0,1.0529,0.0000,0.0000,2.8923,20,78,3423
spawn,3505949,1,290,267 dragon scales,1,0,1,149,411,2,17000,5234,0,0,0.8762,0.0741,0.0129,5.3856,20,78,3423
spawn,3506208,2,577,554 spinning tops,3,0,2,127,308,2,17000,29720,4,1,0.7962,0.2765,-0.1118,1.1968,78,6,3424
spawn,3506528,4,482,459 soft kaleido,0,0,0,256,654,2,17000,20739,0,0,1.2633,0.0000,0.0000,3.2912,78,6,3424
spawn,3507130,4,424,401 hammered metal,0,0,0,256,662,2,17000,5068,0,0,1.3258,0.0000,0.0000,5.7845,78,6,3424
spawn,3507673,3,507,484 lightning ring,3,0,2,97,349,2,9093,23256,0,0,0.8988,-0.2906,-0.2412,4.1888,6,87,3425
spawn,3507773,2,100,077 mycelium veil,2,0,2,97,651,2,17000,32012,0,2,1.3689,-0.0412,0.1165,3.0917,6,87,3425
spawn,3507815,4,432,409 soft facets,0,0,0,256,738,1,17000,11755,0,0,1.2682,0.0000,0.0000,3.5904,6,87,3425
spawn,3508309,1,320,297 quasi penrose,1,0,1,153,855,1,17000,5431,98,1,1.0795,-0.0247,-0.0271,3.8896,87,136,3426
spawn,3508697,4,333,310 oil rings,1,0,0,256,971,1,17000,22456,0,0,1.0307,0.0000,0.0000,2.7925,87,136,3426
spawn,3509138,3,167,144 newton filigree,3,0,1,78,595,1,7296,31319,0,0,0.8762,0.2247,0.2059,1.9947,87,136,3426
spawn,3509351,2,164,141 chladni sand,3,0,1,126,1258,1,14281,13888,0,0,2.3111,0.1471,0.0200,1.9947,136,126,3427
spawn,3509669,4,21,asm,0,1,0,256,153,0,17000,9081,0,0,1.4236,0.0000,0.0000,0.3989,136,126,3427
spawn,3509939,4,490,467 chrome ripples,0,0,0,256,679,0,17000,28065,0,0,1.0899,0.0000,0.0000,5.8843,136,126,3427
spawn,3510183,4,268,245 orbit rings,1,0,0,256,1589,1,17000,21041,0,0,1.0948,0.0000,0.0000,1.7952,136,126,3427
spawn,3510423,4,11,asm,0,0,0,256,483,1,17000,1988,0,0,1.1860,0.0000,0.0000,3.9893,126,170,3428
spawn,3510663,4,19,asm,0,1,0,256,243,2,17000,19080,0,0,1.3471,0.0000,0.0000,3.7899,126,170,3428
spawn,3510978,4,86,063 spiral zoom,0,0,0,256,1263,2,17000,2084,0,0,1.3537,0.0000,0.0000,0.6981,126,170,3428
spawn,3511474,2,613,590 plankton wake,3,0,4,90,506,2,17000,17212,0,1,2.1223,0.2553,0.2388,5.3856,170,88,3429
spawn,3511741,1,278,255 lotus layers,1,0,1,143,587,2,17000,26704,0,2,1.6194,0.0929,-0.1118,5.3856,170,88,3429
spawn,3511916,3,501,478 crawler arcs,3,0,2,103,370,2,9187,12763,0,0,1.3997,0.2906,-0.2341,0.7979,170,88,3429
spawn,3512182,4,44,021 ripple duet,0,0,0,256,1478,2,17000,7251,0,0,1.3249,0.0000,0.0000,6.2832,170,88,3429
spawn,3513169,2,179,156 apollonian tide,3,0,2,79,935,2,17000,23756,0,0,1.2519,0.2106,-0.1659,2.4933,88,11,3430
spawn,3513326,1,330,307 lily pads,1,0,1,142,1480,2,17000,16291,0,0,1.9416,-0.1847,-0.2929,0.3989,88,11,3430
spawn,3513665,4,385,362 supernova shells,0,0,0,256,1134,1,17000,31346,0,0,1.2855,0.0000,0.0000,0.9973,11,162,3431
spawn,3514276,3,614,591 star trails,3,0,1,73,272,1,7000,4057,0,0,0.5909,0.1188,-0.2788,0.5984,11,162,3431
spawn,3514836,4,478,455 isobar map,0,0,0,256,741,2,17000,23261,0,0,1.4137,0.0000,0.0000,3.4907,162,42,3432
spawn,3515596,3,576,553 origami cranes,3,0,2,100,329,2,10195,6715,93,0,1.5311,0.0271,0.2318,2.0944,42,14,3433
spawn,3515668,4,633,610 flame ifs,0,0,0,256,1289,1,17000,15304,0,0,1.4359,0.0000,0.0000,6.0837,42,14,3433
spawn,3516293,1,598,575 matrix slow mutation,2,0,4,90,888,1,16898,29603,0,1,1.5167,0.0976,0.2247,0.7979,42,14,3433
spawn,3516494,2,130,107 stereographic cage,3,0,1,138,1331,1,11750,5346,0,0,1.0323,0.2294,0.1094,5.1861,14,64,3434
spawn,3517064,4,292,269 velvet folds,1,0,0,256,973,2,17000,10406,0,0,1.0373,0.0000,0.0000,2.1941,14,64,3434
spawn,3517719,3,191,168 schotter drift,2,0,1,98,322,2,7500,23967,0,0,1.9478,0.2482,-0.2765,2.2939,64,93,3435
spawn,3517953,1,169,146 apollonian rings,2,0,2,103,723,2,22000,28749,0,2,0.7100,-0.1941,-0.2129,4.8869,64,93,3435
spawn,3518164,4,428,405 velvet nap,0,0,0,256,782,2,17000,2870,0,0,1.0636,0.0000,0.0000,2.6928,64,93,3435
spawn,3518795,2,56,033 rose engine,2,0,1,129,683,2,17000,16720,27,1,0.9830,-0.2247,-0.2647,2.4933,93,175,3436
spawn,3519021,4,115,092 greek key panel,0,0,0,256,1616,1,17000,8000,0,0,1.4244,0.0000,0.0000,1.5957,93,175,3436
spawn,3519926,1,103,080 tendril rose,2,0,1,149,1511,1,17000,28810,0,0,1.8267,0.0012,-0.0859,4.5877,175,133,3437
spawn,5100000,0,299,276 marble kaleido,1,0,0,256,920,1,17000,16474,0,0,1.2452,0.0000,0.0000,4.7872,61,62,4980
spawn,5100098,4,68,045 lenia bloom,0,0,0,256,1425,1,17000,32275,0,0,1.1992,0.0000,0.0000,2.6928,61,62,4980
spawn,5100407,2,492,469 forked bolt,3,0,1,130,857,1,13968,18923,29,1,2.3399,-0.2647,0.0318,3.2912,61,62,4980
spawn,5100724,1,323,300 eyelet lace,1,0,1,169,551,1,17000,10203,115,0,1.8185,0.0647,-0.0294,3.2912,62,26,4981
spawn,5100957,3,600,577 matrix sparse spark,2,0,1,80,490,1,5718,26433,0,0,2.2475,0.1871,0.1447,4.5877,62,26,4981
spawn,5101662,4,382,359 star cloud,0,0,0,256,717,1,17000,5255,0,0,1.1827,0.0000,0.0000,5.5851,26,113,4982
spawn,5102112,3,214,191 hopf weave,2,0,4,90,656,1,7265,22105,0,0,0.4082,-0.0106,-0.2341,5.4853,26,113,4982
spawn,5102241,2,518,495 lightning wheel,3,0,1,106,1046,1,10593,14600,0,0,1.2601,0.0153,-0.2106,3.1915,26,113,4982
spawn,5102423,4,390,367 stellar nursery,0,0,0,256,712,1,17000,29827,0,0,1.1597,0.0000,0.0000,5.4853,26,113,4982
spawn,5103153,1,354,331 mosaic wave,1,0,1,165,630,1,17000,4360,96,1,1.4654,0.2459,-0.0341,3.1915,113,110,4983
spawn,5103322,4,454,431 bullseye tiedye,0,0,0,256,779,2,17000,10596,0,0,1.1022,0.0000,0.0000,1.4960,113,110,4983
spawn,5104129,4,488,465 frost feathers,0,0,0,256,570,1,17000,23173,0,0,1.4145,0.0000,0.0000,0.3989,110,116,4984
spawn,5104591,3,538,515 frozen twins,3,0,1,89,376,1,7468,7069,0,0,2.4795,0.0788,-0.2576,3.3909,110,116,4984
spawn,5104800,2,187,164 kolam loom,3,0,4,90,616,1,10937,31346,170,1,2.1305,-0.0882,0.2129,5.8843,116,48,4985
spawn,5104845,4,484,461 curtain folds,0,0,0,256,729,1,17000,14829,0,0,1.3718,0.0000,0.0000,3.0917,116,48,4985
spawn,5105278,1,208,185 sandpile,2,0,1,164,1437,1,17000,21437,0,0,0.8475,0.2365,-0.0247,3.9893,116,48,4985
spawn,5105621,4,182,159 caustic veil,1,0,0,256,1528,2,17000,8213,0,0,1.3652,0.0000,0.0000,1.8949,116,48,4985
spawn,5106305,3,526,503 lightning script,3,0,2,64,525,2,10640,31538,0,0,0.4780,-0.1024,0.2906,3.7899,48,147,4986
spawn,5106995,2,204,181 icosahedral mirror,2,0,2,64,929,2,17000,15212,33,0,0.9953,0.0976,-0.1471,1.7952,147,114,4987
spawn,5107249,4,393,370 deep water,0,0,0,256,789,2,17000,28853,0,0,1.4400,0.0000,0.0000,1.3963,147,114,4987
spawn,5107684,1,519,496 storm horizon,2,0,2,106,1319,2,17000,5878,0,0,0.7305,-0.1988,0.2082,0.6981,147,114,4987
spawn,5108027,4,442,419 ring moire,0,0,0,256,710,2,17000,23030,0,0,1.2888,0.0000,0.0000,1.2965,114,126,4988
spawn,5108596,2,185,162 orbital lobes,2,0,1,116,506,2,17000,15364,0,0,1.3299,0.0765,0.2882,0.5984,114,126,4988
spawn,5108714,3,505,482 bolt rain,3,0,2,90,350,2,7500,11329,0,0,2.2845,-0.0318,0.1118,2.7925,114,126,4988
spawn,5108809,4,452,429 soft argyle,0,0,0,256,792,1,17000,30472,0,0,1.4063,0.0000,0.0000,1.4960,126,156,4989
spawn,5109548,1,282,259 chevron stream,1,0,1,133,801,1,17000,12420,157,1,0.5499,-0.0482,-0.1635,5.9840,126,156,4989
spawn,5109591,3,39,016 shadebob rosette,2,0,1,82,449,1,7500,19138,26,1,0.9666,0.1424,0.1212,5.4853,126,156,4989
spawn,5109732,2,611,588 pollen drift,3,0,1,133,477,1,13656,5025,0,0,1.2088,0.0553,-0.0835,4.4880,126,156,4989
spawn,5109736,4,421,398 broken plates,0,0,0,256,765,2,17000,24408,0,0,1.4178,0.0000,0.0000,4.9867,126,156,4989
spawn,5110485,4,336,313 plume spiral,1,0,0,256,723,0,17000,31718,0,0,1.4260,0.0000,0.0000,4.0891,156,39,4990
spawn,5110492,4,411,388 rose window,0,0,0,256,1278,0,17000,29489,0,0,1.2781,0.0000,0.0000,0.2992,156,39,4990
spawn,5111331,2,96,073 frost court,3,0,4,90,932,0,8261,11235,0,0,2.1202,0.2812,0.2224,0.7979,39,45,4991
spawn,5111560,3,180,157 supershape bloom,3,0,1,108,696,0,4113,21349,0,0,2.4815,-0.0435,-0.2882,1.4960,39,45,4991
spawn,5111900,1,309,286 mirror veil,1,0,1,167,1020,0,13750,4141,0,0,0.8660,0.2224,-0.0882,2.6928,45,143,4992
spawn,5111915,4,397,374 god rays,0,0,0,256,765,1,17000,7679,0,0,1.2288,0.0000,0.0000,5.1861,45,143,4992
spawn,5112702,4,313,290 origami folds,0,0,0,256,807,2,17000,19751,0,0,1.0389,0.0000,0.0000,0.7979,45,143,4992
spawn,5113198,2,79,056 ribbon swarm,2,0,2,100,1377,2,14390,28000,0,0,1.3771,0.2624,0.0718,3.6901,143,49,4993
spawn,5113452,3,616,593 lantern drift,3,0,2,86,517,2,10570,5802,5,2,1.5886,-0.2247,0.1847,5.4853,143,49,4993
spawn,5113501,4,627,604 mandel deep,0,0,0,256,988,2,17000,159,0,0,1.3710,0.0000,0.0000,0.4987,143,49,4993
spawn,5114264,1,34,011 plasma mandala,1,0,1,158,1228,2,17000,13371,89,0,2.3399,-0.0012,0.1824,2.6928,49,95,4994
spawn,5114488,4,256,233 crinkled foil,1,0,0,256,735,1,17000,21032,0,0,1.4104,0.0000,0.0000,2.8923,49,95,4994
spawn,5114825,3,546,523 strike cascade,3,0,1,100,320,1,6703,3059,0,0,1.4633,0.0200,-0.2882,1.0971,49,95,4994
spawn,5115201,4,413,390 cathedral panes,0,0,0,256,836,0,17000,8926,0,0,1.2715,0.0000,0.0000,0.1995,95,97,4995
spawn,5115526,2,176,153 loxodrome drift,2,0,1,116,1245,0,8208,27669,131,1,1.7815,0.2812,0.2741,4.2885,95,97,4995
spawn,5116028,4,443,420 elliptic rings,0,0,0,256,907,1,17000,20100,0,0,1.3784,0.0000,0.0000,2.1941,97,104,4996
spawn,5116664,3,325,302 cirrus streaks,2,0,1,108,534,1,7093,7553,0,0,0.6751,-0.2812,-0.1400,3.3909,97,104,4996
spawn,5116893,1,340,317 dune sea,1,0,1,133,1022,1,17000,13459,45,2,1.5947,-0.0176,0.2553,0.3989,97,104,4996
spawn,5116952,4,37,014 copper octarings,0,0,0,256,1253,2,17000,31564,0,0,1.3373,0.0000,0.0000,4.5877,104,54,4997
spawn,5117546,2,589,566 sprocket chain,3,0,2,100,756,2,17000,6850,0,0,1.2642,-0.0059,0.0365,0.0997,104,54,4997
spawn,5118207,4,235,212 cell tissue,1,0,0,256,684,2,17000,19733,0,0,1.2764,0.0000,0.0000,5.8843,54,171,4998
spawn,5118213,4,328,305 moire circles,1,0,0,256,1044,1,17000,20063,0,0,1.4268,0.0000,0.0000,2.7925,54,171,4998
spawn,5118219,4,274,251 star lattice,1,0,0,256,743,0,17000,21967,0,0,1.3595,0.0000,0.0000,4.9867,54,171,4998
spawn,5118769,1,563,540 cloud rift,2,0,4,90,973,0,14593,13384,143,2,0.9070,-0.1518,0.2694,6.1835,54,171,4998
spawn,5118852,3,572,549 paper planes,3,0,1,86,528,0,4306,1068,158,1,2.1326,0.1047,-0.1635,4.5877,54,171,4998
spawn,5119014,4,120,097 magenta fireworks,0,0,0,256,1042,1,17000,7113,0,0,1.4121,0.0000,0.0000,1.3963,171,30,4999
spawn,5119561,2,494,471 ball lightning,3,0,1,111,927,1,11343,25069,0,0,1.7117,0.2976,-0.0435,5.3856,171,30,4999
spawn,5120143,4,435,412 soft sunburst,0,0,0,256,859,1,17000,32767,0,0,1.2616,0.0000,0.0000,0.5984,30,19,5000
spawn,5120809,1,326,303 sand dollars,1,0,1,141,832,1,17000,12217,0,0,1.3402,-0.2953,-0.2012,0.2992,30,19,5000
spawn,5120866,3,155,132 tesseract drift,3,0,1,75,786,1,6125,23579,0,1,0.8352,-0.2506,-0.2718,2.9920,30,19,5000
spawn,5121044,4,447,424 warped grid,0,0,0,256,832,2,17000,16813,0,0,1.4038,0.0000,0.0000,0.5984,19,34,5001
spawn,5121302,2,116,093 cathedral fan,2,0,1,106,1385,2,17000,3108,177,0,1.8287,0.0271,-0.1941,2.1941,19,34,5001
spawn,5121845,4,470,447 malachite,0,0,0,256,784,2,17000,30192,0,0,1.1507,0.0000,0.0000,1.9947,19,34,5001
spawn,5122619,4,44,021 ripple duet,0,0,0,256,1118,0,17000,15468,0,0,1.0603,0.0000,0.0000,4.9867,34,82,5002
spawn,5122966,4,465,442 suminagashi,0,0,0,256,796,2,17000,32092,0,0,1.1441,0.0000,0.0000,3.2912,34,82,5002
spawn,5123396,2,577,554 spinning tops,3,0,4,90,624,2,17000,16611,0,1,0.5622,-0.1376,0.0059,2.4933,82,12,5003
spawn,5123461,1,89,066 hex tunnel,2,0,4,90,1481,2,17000,24300,0,0,2.2352,0.0059,0.0459,0.9973,82,12,5003
spawn,5123556,3,529,506 ground strike,3,0,2,110,1175,2,9726,8209,0,0,0.7633,-0.1094,0.0859,3.6901,82,12,5003
spawn,5123846,4,119,096 scanline butterfly,1,0,0,256,1374,1,17000,28310,0,0,1.0948,0.0000,0.0000,4.6875,82,12,5003
spawn,5124800,2,604,581 matrix corners,2,0,1,117,1167,1,9031,14464,0,0,1.7774,0.1682,-0.0576,5.2859,12,160,5004
spawn,5125296,4,260,237 dew web,1,0,0,256,1084,1,17000,5457,0,0,1.3693,0.0000,0.0000,0.6981,160,9,5005
spawn,5125913,1,81,058 fountain arcs,2,0,1,176,1318,1,16078,26389,24,0,1.5393,-0.0106,0.1235,0.5984,160,9,5005
spawn,5126129,3,575,552 koi shapes,3,0,1,110,505,1,6953,18284,0,0,0.4103,-0.1494,-0.2247,5.8843,160,9,5005
spawn,5126417,4,48,025 ember triad,0,0,0,256,1438,2,17000,29573,0,0,1.1186,0.0000,0.0000,5.9840,9,78,5006
spawn,5126709,4,334,311 agate slices,1,0,0,256,722,2,17000,7698,0,0,1.0816,0.0000,0.0000,6.2832,9,78,5006
spawn,5127019,2,576,553 origami cranes,3,0,2,115,517,2,17000,1903,124,0,0.5786,-0.2953,-0.1776,3.9893,9,78,5006
spawn,5127432,4,259,236 tartan veil,1,0,0,256,772,1,17000,15125,0,0,1.2748,0.0000,0.0000,4.9867,78,121,5007
spawn,5127731,4,31,008 octa mandala,0,0,0,256,722,2,17000,23847,0,0,1.1227,0.0000,0.0000,4.8869,78,121,5007
spawn,5127971,4,101,078 turing garden,0,0,0,256,660,1,17000,13172,0,0,1.0652,0.0000,0.0000,4.8869,78,121,5007
spawn,5128323,2,515,492 helix bolt,3,0,1,104,507,1,14062,27610,0,0,1.2930,-0.3000,-0.2529,3.6901,121,176,5008
spawn,5128530,1,353,330 wisp curls,1,0,1,153,793,1,17000,20128,0,0,0.8598,-0.0176,0.0247,5.3856,121,176,5008
spawn,5128588,4,359,336 slow plasma,0,0,0,256,1468,1,17000,1379,0,0,1.2436,0.0000,0.0000,2.0944,121,176,5008
spawn,5129687,3,221,198 whirl nest,2,0,4,85,758,1,6484,10071,0,0,2.3009,0.2671,-0.1941,1.6955,176,33,5009
spawn,5129908,2,200,177 sandpile mandala,3,0,1,101,682,1,14937,22967,0,0,2.0545,-0.0176,0.1282,0.1995,176,33,5009
spawn,5130061,4,451,428 soft tartan,0,0,0,256,743,1,17000,16567,0,0,1.2970,0.0000,0.0000,0.2992,176,33,5009
spawn,5130605,1,312,289 sea anemone,1,0,1,151,867,1,17000,3450,66,0,1.3217,0.2553,0.2647,5.7845,33,59,5010
spawn,5130807,4,366,343 orbiting blobs,0,0,0,256,653,2,17000,9702,0,0,1.1063,0.0000,0.0000,1.0971,33,59,5010
spawn,5131580,4,67,044 majority quilt,0,0,0,256,810,2,17000,22837,0,0,1.3997,0.0000,0.0000,1.8949,59,16,5011
spawn,5132047,3,55,032 harmonograph veil,2,0,4,87,619,2,10898,31705,0,0,2.1182,0.0035,-0.0412,3.7899,59,16,5011
spawn,5132167,2,188,165 vortex street,2,0,1,101,1125,2,17000,10969,140,1,0.7367,-0.0435,-0.1965,0.6981,59,16,5011
spawn,5132339,1,56,033 rose engine,2,0,1,172,758,2,17000,15998,72,1,1.0836,-0.2953,-0.2059,1.4960,16,154,5012
spawn,5132404,4,348,325 moth wing,1,0,0,256,933,2,17000,4523,0,0,1.2049,0.0000,0.0000,4.0891,16,154,5012
spawn,5133033,4,433,410 warped mesh,0,0,0,256,777,0,17000,26458,0,0,1.1655,0.0000,0.0000,1.0971,16,154,5012
spawn,5133503,3,596,573 matrix spokes,3,0,1,86,317,0,4935,18353,0,0,1.9047,0.1118,0.2765,2.8923,154,142,5013
spawn,5133780,1,582,559 planetary set,2,0,1,136,605,0,11093,5166,44,1,1.6789,0.2224,0.2600,0.3989,154,142,5013
spawn,5133880,4,476,453 bathymetry,0,0,0,256,756,0,17000,12511,0,0,1.2444,0.0000,0.0000,5.5851,154,142,5013
spawn,5134489,3,614,591 star trails,3,0,1,112,372,0,4550,26903,0,0,0.9337,-0.1000,0.0671,6.2832,142,165,5014
spawn,5134696,2,591,568 rack and pinion,3,0,1,107,518,0,7013,18414,25,2,1.9499,-0.1000,0.2271,2.0944,142,165,5014
spawn,5134745,4,489,466 light leaks,0,0,0,256,710,1,17000,491,0,0,1.1170,0.0000,0.0000,2.7925,142,165,5014
spawn,5135499,1,232,209 smoke field,1,0,1,136,568,1,17000,17773,0,0,1.3258,0.1729,0.0859,4.8869,165,88,5015
spawn,5135520,4,303,280 barchan dunes,1,0,0,256,613,1,17000,8838,0,0,1.2197,0.0000,0.0000,2.4933,165,88,5015
spawn,5135963,3,127,104 ice ray lattice,3,0,1,77,561,1,6078,1129,0,0,1.3012,-0.1329,-0.1212,4.8869,165,88,5015
spawn,5136117,2,606,583 dust shaft,2,0,1,133,557,1,14625,22058,60,1,2.4630,-0.2694,0.0506,3.4907,165,88,5015
spawn,5136182,4,43,020 feedback fractal,0,0,0,256,1179,2,17000,24536,0,0,1.3751,0.0000,0.0000,4.0891,165,88,5015
spawn,5136832,1,160,137 rutt etra relief,2,0,2,88,971,2,17000,10860,0,0,0.4595,0.1918,-0.1329,0.5984,88,3,5016
spawn,5137435,4,266,243 leopard rosettes,1,0,0,256,639,1,17000,32490,0,0,1.4211,0.0000,0.0000,4.0891,3,29,5017
spawn,5137940,4,475,452 terraced hills,0,0,0,256,658,0,17000,23285,0,0,1.2814,0.0000,0.0000,3.1915,3,29,5017
spawn,5138192,2,77,054 starfield warp,2,0,1,109,1124,0,5835,2254,97,1,0.6935,-0.0647,0.0624,1.6955,3,29,5017
spawn,5138394,3,220,197 fern dust,3,0,1,89,736,0,4610,9660,149,1,1.5167,0.1588,-0.1212,6.0837,3,29,5017
spawn,5138677,4,469,446 agate bands,0,0,0,256,591,2,17000,15060,0,0,1.1885,0.0000,0.0000,4.5877,29,175,5018
spawn,5139283,4,51,028 quasicrystal,1,0,0,256,1054,1,17000,25895,0,0,1.0751,0.0000,0.0000,4.8869,29,175,5018
spawn,5139905,1,109,086 gem orbit,2,0,1,180,1244,1,15531,10996,0,0,1.2109,-0.1918,-0.0059,1.6955,175,163,5019
spawn,5140200,3,502,479 spider lightning,3,0,1,76,594,1,6234,1797,0,0,1.2909,-0.0506,-0.0318,4.0891,175,163,5019
spawn,5140424,2,158,135 kelvin wake,2,0,1,139,706,1,13187,18242,22,1,2.4692,-0.0576,-0.2082,2.6928,175,163,5019
spawn,5140451,4,243,220 honeycomb breath,1,0,0,256,781,1,17000,22457,0,0,1.1014,0.0000,0.0000,5.8843,175,163,5019
spawn,5141233,4,69,046 rps trichrome,0,0,0,256,1006,1,17000,4470,0,0,1.3068,0.0000,0.0000,4.6875,163,22,5020
spawn,5141595,3,535,512 ball lightning drift,3,0,1,113,197,1,6390,21192,0,0,0.8947,0.2600,-0.0835,5.3856,22,20,5021
spawn,5141874,2,216,193 cord braid,2,0,1,103,1063,1,12937,28303,0,0,1.5147,0.1212,0.2929,5.4853,22,20,5021
spawn,5141904,1,276,253 vine trellis,1,0,1,132,441,1,17000,17188,127,1,2.3789,0.1235,0.1588,3.2912,22,20,5021
spawn,5142351,4,471,448 wood grain,0,0,0,256,926,0,17000,22554,0,0,1.1408,0.0000,0.0000,4.5877,22,20,5021
spawn,5142921,1,213,190 glenz vectors,2,0,1,128,737,0,11312,5877,0,0,1.6522,-0.2082,0.1071,0.4987,20,63,5022
spawn,5143118,3,547,524 orbiting balls,3,0,1,75,260,0,4438,16233,0,0,0.4185,-0.0082,-0.1541,3.5904,20,63,5022
spawn,5143275,4,181,158 blaze,1,0,0,256,1582,2,17000,11855,0,0,1.3948,0.0000,0.0000,2.9920,20,63,5022
spawn,5143729,2,590,567 rolling pinions,2,0,2,75,836,2,17000,24148,0,1,1.9724,0.0718,0.2459,3.4907,63,14,5023
spawn,5144373,1,172,149 bubble iris,2,0,2,75,1251,2,22000,1970,0,0,1.6707,-0.2906,0.1824,2.1941,63,14,5023
spawn,5144511,3,541,518 sheet wash,2,0,1,101,627,2,11179,17547,25,0,0.4041,-0.0529,-0.1753,5.0864,63,14,5023
spawn,5144843,4,360,337 plasma bloom,0,0,0,256,994,1,17000,27997,0,0,1.1827,0.0000,0.0000,4.9867,14,167,5024
spawn,5145373,2,146,123 apollonian,3,0,1,140,609,1,8000,7565,127,2,1.4674,-0.1235,0.0388,4.9867,14,167,5024
spawn,5145846,4,105,082 greek key,0,0,0,256,1088,0,17000,14302,0,0,1.0389,0.0000,0.0000,2.3936,167,159,5025
spawn,5146355,3,517,494 upward streamers,3,0,1,99,554,0,4814,26922,0,0,0.7182,0.0129,-0.1024,3.3909,167,159,5025
spawn,5146565,1,330,307 lily pads,1,0,1,136,481,0,13593,3905,79,0,1.4592,0.1518,-0.1965,2.5931,167,159,5025
spawn,5146891,2,144,121 chladni sand,3,0,1,116,452,0,5396,19339,0,0,0.7182,0.2388,0.1635,1.9947,159,173,5026
spawn,5146907,4,335,312 membrane web,1,0,0,256,840,2,17000,30857,0,0,1.3463,0.0000,0.0000,2.6928,159,173,5026
spawn,5147304,4,292,269 velvet folds,1,0,0,256,1278,1,17000,26568,0,0,1.1614,0.0000,0.0000,5.0864,159,173,5026
spawn,5147544,4,106,083 patch quilt,0,0,0,256,1444,0,17000,5148,0,0,1.3052,0.0000,0.0000,0.3989,159,173,5026
spawn,5147784,4,154,131 times table,1,0,0,256,1466,2,32768,21981,0,0,1.0660,0.0000,0.0000,3.5904,173,179,5027
spawn,5148141,2,141,118 harmonic lantern,2,0,2,71,842,2,17000,5084,0,0,1.1965,-0.0129,0.2624,0.5984,173,179,5027
spawn,5148187,1,356,333 tulle gather,1,0,1,172,521,2,17000,30046,0,0,1.8144,0.3000,0.1871,3.0917,173,179,5027
spawn,5148517,3,533,510 lissajous bolt,3,0,2,71,424,2,10593,15122,109,0,1.4510,0.2953,0.1988,4.7872,173,179,5027
spawn,5149358,4,375,352 sunset bands,0,0,0,256,867,2,17000,13471,0,0,1.2238,0.0000,0.0000,4.3883,179,52,5028
spawn,5149774,2,607,584 filament web,3,0,2,128,644,2,17000,28901,0,0,0.6587,0.0906,-0.1941,2.9920,52,10,5029
spawn,5149924,3,218,195 aperture star,2,0,2,79,382,2,10734,21539,0,1,0.9481,-0.1918,0.2553,0.0000,52,10,5029
spawn,5150096,1,217,194 harmonic shell,2,0,2,130,601,2,17000,4458,77,2,1.0302,0.2694,0.1282,2.9920,52,10,5029
spawn,5150252,4,110,087 chevron court,0,0,0,256,1282,0,17000,10004,0,0,1.0849,0.0000,0.0000,1.0971,52,10,5029
spawn,5151127,2,215,192 steiner pearls,3,0,1,137,549,0,6644,21430,0,0,0.4513,-0.0929,-0.1494,1.0971,10,170,5030
spawn,5151302,3,608,585 constellation connect,3,0,1,76,387,0,4184,28738,0,0,2.4302,-0.1612,-0.2059,2.2939,10,170,5030
spawn,5151520,1,302,279 cell kaleido,1,0,1,143,544,0,14093,3648,0,2,2.2639,-0.2247,-0.2882,0.2992,10,170,5030
spawn,5151545,4,422,399 brushed metal,0,0,0,256,832,0,17000,13731,0,0,1.0948,0.0000,0.0000,0.1995,10,170,5030
spawn,5152483,4,436,413 twin sunbursts,0,0,0,256,863,1,17000,29314,0,0,1.3553,0.0000,0.0000,1.0971,170,71,5031
spawn,5152918,2,125,102 vortex silk,2,0,1,119,1160,1,8000,12357,0,0,2.3358,0.1094,0.1424,0.3989,71,132,5032
spawn,5153059,3,623,600 comet dust,3,0,1,83,343,1,7406,3691,68,0,2.2455,-0.2388,-0.0718,1.8949,71,132,5032
spawn,5153367,1,54,031 spirograph bloom,1,0,1,131,657,1,17000,19107,0,0,1.5516,0.2553,-0.2506,1.0971,71,132,5032
spawn,5153426,4,392,369 sunlit shallows,0,0,0,256,934,1,17000,25510,0,0,1.1400,0.0000,0.0000,4.3883,71,132,5032
spawn,5154386,4,423,400 spun metal,0,0,0,256,836,1,17000,2929,0,0,1.2255,0.0000,0.0000,4.0891,132,67,5033
spawn,5154757,3,173,150 relief lantern,2,0,1,115,773,1,5765,20698,0,0,0.5211,0.1094,0.1329,2.3936,132,67,5033
spawn,5154893,2,224,201 lava lamp,2,0,1,140,508,1,11250,11501,0,0,1.3587,-0.0153,0.1400,5.9840,67,102,5034
spawn,5155365,4,314,291 moss carpet,1,0,0,256,617,1,17000,15801,0,0,1.2929,0.0000,0.0000,0.8976,67,102,5034
spawn,5156003,4,294,271 aurora swirl,1,0,0,256,1591,1,17000,1551,0,0,1.1540,0.0000,0.0000,2.0944,102,75,5035
spawn,5156310,4,395,372 water surface,0,0,0,256,619,1,17000,15850,0,0,1.0340,0.0000,0.0000,2.8923,102,75,5035
spawn,5156629,1,510,487 aurora bolts,2,0,4,90,650,1,17000,32417,0,2,1.9109,-0.0788,-0.1612,4.0891,102,75,5035
spawn,5156839,2,570,547 slow meteors,3,0,1,119,759,1,13593,24735,0,0,2.1182,0.2812,0.1612,0.8976,102,75,5035
spawn,5156979,4,285,262 loom threads,1,0,0,256,984,2,17000,9509,0,0,1.2164,0.0000,0.0000,0.9973,75,153,5036
spawn,5157281,3,583,560 gear silhouettes,3,0,2,85,390,2,8929,19155,0,0,0.5293,0.1494,0.2835,1.1968,75,153,5036
spawn,5157889,1,525,502 thunder cell,2,0,2,85,886,2,17000,3301,0,0,2.0402,-0.0906,0.2482,1.8949,153,35,5037
spawn,5158027,4,252,229 stained glass,1,0,0,256,847,2,17000,24503,0,0,1.3578,0.0000,0.0000,2.3936,153,35,5037
spawn,5158427,2,184,161 curve loom,3,0,2,91,571,2,12000,15143,89,1,1.9416,-0.2765,0.1824,3.2912,153,35,5037
spawn,5158938,4,398,375 wave interference,0,0,0,256,678,1,17000,31166,0,0,1.1318,0.0000,0.0000,2.5931,35,138,5038
spawn,5159222,1,123,100 pinwheel swirl,1,0,1,147,932,1,17000,8444,0,0,1.5721,0.0624,0.2835,3.8896,35,138,5038
spawn,5159394,3,586,563 corner train,3,0,1,80,325,1,6328,24541,0,1,0.7510,0.0624,-0.0153,0.2992,35,138,5038
spawn,5159551,2,573,550 kites on strings,3,0,1,102,420,1,13281,16475,0,0,1.1390,-0.1824,0.1047,0.0997,35,138,5038
spawn,5159755,4,310,287 checker breath,1,0,0,256,1046,0,17000,3999,0,0,1.3570,0.0000,0.0000,1.4960,35,138,5038
spawn,5160209,4,0,asm,0,0,0,256,361,0,17000,30320,0,0,1.1737,0.0000,0.0000,4.7872,138,103,5039
spawn,5160619,4,485,462 soap film,0,0,0,256,917,1,17000,8615,0,0,1.1795,0.0000,0.0000,4.4880,138,103,5039
spawn,5160983,3,80,057 galaxy pinwheel,3,0,1,87,572,1,6265,22825,180,1,0.5211,0.0459,-0.2482,5.5851,103,53,5040
spawn,5161063,1,601,578 matrix side rain,2,0,1,175,1590,1,17000,30519,148,1,1.3935,0.0976,0.1541,1.2965,103,53,5040
spawn,5161292,2,161,138 soap bubbles,2,0,1,111,605,1,8000,3316,147,1,1.6953,-0.0671,-0.1353,5.8843,103,53,5040
spawn,5161597,4,425,402 anodized sheen,0,0,0,256,790,1,17000,20371,0,0,1.0553,0.0000,0.0000,2.9920,103,53,5040
spawn,5162450,4,50,027 wedge ripples,0,0,0,256,1296,0,17000,10948,0,0,1.1178,0.0000,0.0000,1.2965,53,128,5041
spawn,5163094,3,203,180 hilbert weave,3,0,1,110,415,0,3981,28907,0,0,2.3132,0.1847,0.1141,2.2939,128,179,5042
spawn,5163288,2,498,475 frozen bolt,3,0,1,107,590,0,8455,17079,0,1,1.2293,0.2459,0.0671,3.7899,128,179,5042
spawn,5163408,1,257,234 wave terraces,2,0,1,152,1533,0,14281,2361,0,0,2.3604,-0.1235,-0.2482,4.3883,128,179,5042
spawn,5163729,4,380,357 twilight glow,0,0,0,256,1114,2,17000,23638,0,0,1.3134,0.0000,0.0000,3.7899,128,179,5042
spawn,5164378,2,174,151 chladni filaments,2,0,2,105,869,2,16406,12054,30,0,1.5413,-0.0294,0.1282,5.6848,179,100,5043
spawn,5164794,3,133,110 firefly sync,3,0,2,109,626,2,7125,28810,0,0,2.0525,0.2553,0.0388,0.6981,179,100,5043
spawn,5164998,4,384,361 gas pillars,0,0,0,256,621,2,17000,16093,0,0,1.3849,0.0000,0.0000,0.5984,179,100,5043
spawn,5165619,4,370,347 curl plasma,0,0,0,256,951,1,17000,23296,0,0,1.2395,0.0000,0.0000,5.8843,100,29,5044
spawn,5166013,1,131,108 vega bulge,2,0,1,160,1153,1,17000,6444,0,0,1.6850,0.0106,-0.0365,3.8896,100,29,5044
spawn,5166704,4,365,342 soft checker plasma,0,0,0,256,781,0,17000,31789,0,0,1.2452,0.0000,0.0000,1.7952,29,92,5045
spawn,5167513,2,571,548 soap bubbles,3,0,1,113,654,0,6873,17807,0,0,1.0076,0.2647,0.2576,1.8949,92,14,5046
spawn,5167522,4,112,089 oval drums,0,0,0,256,1242,2,17000,22177,0,0,1.4211,0.0000,0.0000,3.0917,92,14,5046
spawn,5167881,3,592,569 pendulum wave,3,0,2,80,1050,2,10312,1404,0,0,1.6522,-0.0906,0.0647,3.3909,92,14,5046
spawn,5168144,1,321,298 corner rays,1,0,1,151,543,2,17000,11447,0,0,1.6070,-0.1659,0.0388,0.7979,14,136,5047
spawn,5168771,2,162,139 harmonic orb,2,0,1,105,581,2,16687,28019,69,0,2.0792,0.1965,-0.0388,2.4933,14,136,5047
spawn,5168839,4,405,382 velvet drape,0,0,0,256,675,1,17000,6943,0,0,1.1515,0.0000,0.0000,2.4933,14,136,5047
spawn,5169488,1,231,208 moire gauze,1,0,1,166,1413,1,17000,17586,68,2,0.9276,0.0694,0.2294,4.0891,136,80,5048
spawn,5169673,4,53,030 octa facets,0,0,0,256,921,1,17000,978,0,0,1.3849,0.0000,0.0000,0.6981,136,80,5048
spawn,5169679,4,318,295 meander key,1,0,0,256,769,1,17000,298,0,0,1.4030,0.0000,0.0000,0.2992,136,80,5048
spawn,5170084,4,486,463 julia drift,0,0,0,256,946,1,20000,7373,0,0,1.3389,0.0000,0.0000,4.3883,136,80,5048
spawn,5170388,2,564,541 comet trio,3,0,1,126,391,1,13187,27284,43,1,0.9378,0.1871,-0.2882,1.7952,80,137,5049
spawn,5171002,4,430,407 geodesic dome,0,0,0,256,757,2,17000,1640,0,0,1.0940,0.0000,0.0000,6.2832,80,137,5049
spawn,5171813,4,74,051 firework garden,1,0,0,256,1431,1,20000,17895,0,0,1.1934,0.0000,0.0000,4.0891,137,9,5050
spawn,5172379,3,511,488 lichtenberg tree,3,0,1,106,346,1,7359,3049,14,0,1.0815,0.0976,0.1424,1.3963,9,47,5051
spawn,5172582,2,59,036 epicycle lace,2,0,1,107,652,1,13375,10995,4,1,1.9437,0.1965,0.0882,3.0917,9,47,5051
spawn,5172623,1,145,122 caustic net,2,0,1,148,1509,1,14000,25945,0,0,2.1223,-0.1306,0.0412,3.5904,9,47,5051
spawn,5173345,4,18,asm,0,1,0,256,537,2,17000,5638,0,0,1.4384,0.0000,0.0000,4.4880,47,51,5052
spawn,5173791,2,620,597 will o wisp,3,0,2,95,479,2,17000,14014,0,0,2.2824,-0.1941,0.2600,0.8976,47,51,5052
spawn,5173939,4,371,348 dawn clouds,0,0,0,256,687,0,17000,32472,0,0,1.1762,0.0000,0.0000,6.1835,47,51,5052
spawn,5174721,4,431,408 lowpoly terrain,0,0,0,256,815,2,17000,15979,0,0,1.1384,0.0000,0.0000,4.6875,51,13,5053
spawn,5175095,2,207,184 caustic billiard,3,0,2,85,440,2,17000,1811,131,0,2.1490,0.0059,-0.2176,0.2992,51,13,5053
spawn,5175310,3,139,116 hilbert unfold,3,0,2,85,693,2,8812,22947,0,0,2.0894,-0.0882,0.2671,1.0971,13,155,5054
spawn,5175398,1,61,038 guilloche rings,2,0,1,175,370,2,17000,26863,17,1,1.3463,0.0906,0.1541,3.8896,13,155,5054
spawn,5175549,4,72,049 voronoi breath,0,0,0,256,1258,1,17000,11089,0,0,1.3175,0.0000,0.0000,5.3856,13,155,5054
spawn,5176294,2,566,543 drifting polygons,3,0,4,90,671,1,10718,24776,131,2,1.9211,0.1259,0.2671,1.8949,13,155,5054
spawn,5176516,1,114,091 diamond confetti,2,0,1,142,884,1,17000,21054,147,2,1.4777,-0.2976,-0.0482,3.6901,155,165,5055
spawn,5176779,4,8,asm,0,0,0,256,175,2,17000,3282,0,0,1.0348,0.0000,0.0000,1.0971,155,165,5055
spawn,5177192,4,459,436 wet washes,0,0,0,256,1007,2,17000,11227,0,0,1.1836,0.0000,0.0000,4.7872,155,165,5055
spawn,5177680,3,166,143 caustic pool,3,0,2,77,710,2,11109,29117,0,0,1.2704,0.0153,-0.1965,4.6875,165,45,5056
spawn,5177874,2,98,075 coral lace,3,0,2,125,847,2,17000,16378,0,0,2.1613,-0.0976,-0.2200,2.0944,165,45,5056
spawn,5178223,4,400,377 dune field,0,0,0,256,779,0,17000,4664,0,0,1.3512,0.0000,0.0000,3.8896,165,45,5056
spawn,5179118,1,147,124 poincare web,2,0,1,135,1424,0,11031,22219,0,0,0.5191,-0.2953,0.0482,0.0997,45,63,5057
spawn,5179155,4,468,445 alcohol ink,0,0,0,256,880,0,17000,14083,0,0,1.1392,0.0000,0.0000,3.7899,45,63,5057
spawn,5179682,2,62,039 butterfly lace,2,0,1,103,846,0,7101,2105,0,0,0.6217,-0.1941,-0.0953,6.0837,63,86,5058
spawn,5179950,3,585,562 gear cascade,3,0,1,77,1188,0,3605,8576,0,2,1.0733,0.1165,0.2812,0.0000,63,86,5058
spawn,5180189,4,228,205 lattice windows,1,0,0,256,634,1,17000,30187,0,0,1.3249,0.0000,0.0000,4.8869,63,86,5058
spawn,5180475,4,361,338 warped plasma,0,0,0,256,912,1,17000,16249,0,0,1.0422,0.0000,0.0000,4.0891,86,115,5059
spawn,5181427,1,60,037 pendulum web,2,0,4,90,665,1,17000,30276,90,1,1.2971,0.1965,-0.1494,1.6955,86,115,5059
spawn,5181525,4,376,353 storm front,0,0,0,256,709,1,17000,8193,0,0,1.1523,0.0000,0.0000,0.8976,115,18,5060
spawn,5182108,2,507,484 lightning ring,3,0,1,140,760,1,12125,20097,0,0,0.4513,-0.0671,-0.2506,5.5851,115,18,5060
spawn,5182251,4,368,345 tri plasma,0,0,0,256,1005,0,17000,15995,0,0,1.1268,0.0000,0.0000,2.2939,115,18,5060
spawn,5182925,1,108,085 vector machine,1,0,1,162,1184,0,14687,2057,171,2,2.1613,-0.2718,-0.0576,0.0997,18,33,5061
spawn,5183063,3,617,594 ember column,3,0,1,100,610,0,4417,26113,81,1,1.9191,0.1918,-0.2812,4.1888,18,33,5061
spawn,5183340,4,389,366 planetary nebula,0,0,0,256,712,2,17000,7278,0,0,1.2551,0.0000,0.0000,3.4907,18,33,5061
spawn,5184098,4,351,328 rose window,1,0,0,256,785,2,17000,16645,0,0,1.3915,0.0000,0.0000,5.0864,33,135,5062
spawn,5184636,1,240,217 dune field,1,0,1,165,1097,2,17000,2844,0,2,2.0504,0.0388,-0.0624,3.8896,135,148,5063
spawn,5184829,2,612,589 grinder sparks,3,0,2,78,550,2,17000,8325,0,0,2.4733,-0.1071,-0.1988,4.4880,135,148,5063
spawn,5184997,4,278,255 lotus layers,1,0,0,256,795,1,17000,28316,0,0,1.3077,0.0000,0.0000,4.3883,135,148,5063
spawn,5185317,4,246,223 caustic net,1,0,0,256,796,2,17000,17084,0,0,1.3841,0.0000,0.0000,2.7925,135,148,5063
spawn,5185557,4,378,355 heat shimmer,0,0,0,256,671,1,17000,26691,0,0,1.3447,0.0000,0.0000,3.9893,148,178,5064
spawn,5186360,4,347,324 braid ropes,1,0,0,256,862,0,17000,8486,0,0,1.2789,0.0000,0.0000,0.0997,148,178,5064
spawn,5186740,3,524,501 st elmos fire,3,0,1,73,464,0,3280,24863,0,0,0.9974,0.1400,0.0718,3.8896,178,173,5065
spawn,5187085,1,258,235 petal rosette,1,0,1,153,906,0,13500,18472,0,0,0.4657,0.1447,-0.1353,6.2832,178,173,5065
spawn,5187239,4,138,115 vega bulge,0,0,0,256,938,2,17000,31065,0,0,1.1268,0.0000,0.0000,0.4987,178,173,5065
spawn,5187770,2,223,200 lorenz ribbon,2,0,2,88,571,2,17000,13452,0,0,1.3484,0.0482,-0.3000,6.1835,173,85,5066
spawn,5188205,3,549,526 lightning heart,3,0,2,88,249,2,10171,5526,0,0,0.9440,0.0365,-0.0176,0.0000,173,85,5066
spawn,5188280,4,386,363 milky band,0,0,0,256,681,1,17000,2196,0,0,1.1589,0.0000,0.0000,3.1915,173,85,5066
spawn,5188778,1,255,232 zebra flow,1,0,1,128,804,1,17000,20572,0,0,2.4836,-0.2859,0.2365,0.8976,85,81,5067
spawn,5189006,4,177,154 hyperbolic court,1,0,0,256,1108,2,17000,12302,0,0,1.2468,0.0000,0.0000,0.6981,85,81,5067
spawn,5189439,2,175,152 pentagrid lattice,2,0,2,97,952,2,17000,5760,0,0,1.3094,-0.1447,-0.1424,5.2859,85,81,5067
spawn,5189656,3,104,081 poly morph,2,0,2,91,421,2,7734,28796,0,0,2.4610,0.1565,-0.2906,0.1995,81,113,5068
spawn,5190187,4,263,240 mesh warp,1,0,0,256,1195,2,17000,21243,0,0,1.1630,0.0000,0.0000,3.3909,81,113,5068
spawn,5190682,1,148,125 attractor dust,2,0,4,90,848,2,17000,30917,0,0,0.7716,0.1729,-0.2906,1.5957,113,96,5069
spawn,5190908,2,149,126 orbit lace,2,0,2,92,762,2,12000,10188,172,2,2.1777,-0.1424,-0.0600,3.1915,113,96,5069
spawn,5191068,4,412,389 glass blocks,0,0,0,256,828,1,17000,15566,0,0,1.3932,0.0000,0.0000,3.6901,113,96,5069
spawn,5191815,3,539,516 skyline leaders,3,0,1,74,493,1,5921,20107,0,2,1.1534,0.0412,0.2459,0.1995,96,166,5070
spawn,5191877,4,385,362 supernova shells,0,0,0,256,622,1,17000,24899,0,0,1.3603,0.0000,0.0000,2.0944,96,166,5070
spawn,5192396,1,270,247 pearl curtain,1,0,1,146,568,1,17000,6287,0,0,1.6481,0.1235,0.0506,0.3989,96,166,5070
spawn,5192579,4,377,354 rolling mist,0,0,0,256,669,2,17000,12469,0,0,1.1737,0.0000,0.0000,4.7872,96,166,5070
spawn,5193263,2,543,520 rose bolt,3,0,2,112,479,2,17000,25130,0,1,1.9026,-0.1118,0.2647,2.2939,166,117,5071
spawn,5193331,4,229,206 breathing membrane,1,0,0,256,1081,0,17000,32670,0,0,1.2222,0.0000,0.0000,2.9920,166,117,5071
spawn,5193814,1,178,155 knot loom,2,0,4,90,908,0,13750,12598,0,0,1.0713,0.1682,-0.0412,4.7872,117,168,5072
spawn,5194092,4,418,395 penny tiles,0,0,0,256,756,1,17000,18153,0,0,1.0603,0.0000,0.0000,0.3989,117,168,5072
spawn,5194433,3,560,537 pylon arcs,3,0,1,84,414,1,6953,27759,0,0,1.4408,0.2576,-0.2388,4.2885,117,168,5072
spawn,5194756,2,189,166 star trails,2,0,1,116,684,1,10406,3754,0,0,2.1326,-0.0365,0.2247,3.6901,168,82,5073
spawn,5194923,4,134,111 physarum veins,1,0,0,256,1130,1,17000,22550,0,0,1.2386,0.0000,0.0000,3.4907,168,82,5073
spawn,5195337,4,73,050 turing spots,1,0,0,256,721,1,17000,13801,0,0,1.3134,0.0000,0.0000,5.7845,168,82,5073
spawn,5195577,4,66,043 turing labyrinth,0,0,0,256,1006,1,17000,25605,0,0,1.1474,0.0000,0.0000,0.7979,168,82,5073
spawn,5195904,1,625,602 string envelope,1,0,1,177,529,1,17000,9213,144,0,2.0628,0.2106,-0.1188,3.4907,82,122,5074
spawn,5196058,3,605,582 rising embers,3,0,1,102,488,1,7187,1024,0,0,2.2496,-0.2976,-0.0953,0.3989,82,122,5074
spawn,5196074,4,446,423 ring tunnel,0,0,0,256,856,1,17000,19341,0,0,1.1679,0.0000,0.0000,3.6901,82,122,5074
spawn,5196706,2,167,144 newton filigree,3,0,1,117,545,1,14593,29084,85,0,0.6484,-0.0576,-0.0835,2.0944,82,122,5074
spawn,5197001,4,49,026 spoke moire,1,0,0,256,1105,1,17000,5403,0,0,1.1400,0.0000,0.0000,0.1995,122,123,5075
spawn,5197481,1,219,196 craquelure,2,0,1,156,834,1,17000,16076,140,0,2.2413,0.1282,-0.0106,4.3883,122,123,5075
spawn,5197633,3,82,059 binary dance,3,0,1,85,1253,1,6484,1084,0,0,2.4938,-0.0459,-0.1776,5.0864,122,123,5075
spawn,5198060,4,293,270 tapestry bands,1,0,0,256,713,2,17000,25604,0,0,1.4293,0.0000,0.0000,3.3909,123,84,5076
spawn,5198420,4,28,005 breathing fold,0,0,0,256,981,2,17000,7085,0,0,1.4195,0.0000,0.0000,1.5957,123,84,5076
spawn,5199073,2,63,040 maurer rose,2,0,1,120,811,2,17000,21207,0,0,0.6361,-0.0976,0.2200,2.7925,84,108,5077
spawn,5199194,1,536,513 rolling front,2,0,1,160,851,2,17000,13929,0,1,1.9109,0.0600,0.2435,3.9893,84,108,5077
spawn,5199493,4,444,421 rounded squares,0,0,0,256,681,0,17000,25005,0,0,1.3258,0.0000,0.0000,0.2992,84,108,5077
spawn,5200205,4,251,228 rope net,1,0,0,256,730,0,17000,5262,0,0,1.3208,0.0000,0.0000,3.1915,108,146,5078
spawn,5200652,4,268,245 orbit rings,1,0,0,256,1533,1,17000,26283,0,0,1.1622,0.0000,0.0000,0.9973,108,146,5078
spawn,5200892,4,345,322 quasi twelve,1,0,0,256,991,1,17000,5833,0,0,1.1334,0.0000,0.0000,3.0917,108,146,5078
spawn,5201282,3,206,183 string hyperboloid,3,0,1,103,782,1,6531,21963,0,0,0.9132,-0.1165,0.0506,4.3883,146,24,5079
spawn,5201394,2,568,545 spinning stars,3,0,1,129,738,1,11500,13718,127,0,1.1328,0.1776,-0.1000,3.9893,146,24,5079
spawn,5201557,1,159,136 dipole lines,2,0,1,159,774,1,17000,27153,0,0,1.5455,0.0718,-0.1941,5.0864,146,24,5079
spawn,5202023,4,52,029 tartan beat,1,0,0,256,1255,0,17000,31804,0,0,1.1532,0.0000,0.0000,5.6848,24,76,5080
spawn,5203053,1,195,172 villarceau weave,2,0,1,130,1509,0,13750,15739,0,0,2.4035,0.2906,-0.2718,4.5877,76,11,5081
spawn,5203261,4,91,068 wormhole pond,1,0,0,256,1335,2,17000,7897,0,0,1.0504,0.0000,0.0000,0.4987,76,11,5081
spawn,5203618,3,163,140 newton filigree,3,0,2,79,341,2,7265,27537,0,0,1.3710,0.0671,0.1659,2.6928,76,11,5081
spawn,5204711,4,311,288 phyllotaxis,1,0,0,256,635,2,17000,32518,0,0,1.3036,0.0000,0.0000,5.0864,11,36,5082
spawn,5205096,4,25,002 p4m quilt,0,0,0,256,798,0,17000,18516,0,0,1.3973,0.0000,0.0000,4.3883,36,56,5083
spawn,5205433,3,624,601 glyph glints,3,0,1,88,397,0,3767,32086,0,2,1.0979,-0.0788,-0.1000,5.1861,36,56,5083
spawn,5205485,1,341,318 silk twist,1,0,1,166,452,0,13406,25611,152,1,2.0258,0.0624,-0.1118,5.8843,36,56,5083
spawn,5205555,2,113,090 diamond burst,2,0,1,103,813,0,7189,10191,0,0,1.5701,-0.1071,-0.2176,0.0997,36,56,5083
spawn,5205888,4,90,067 twin tunnels,0,0,0,256,1242,0,17000,15497,0,0,1.4268,0.0000,0.0000,2.4933,36,56,5083
spawn,5206340,4,117,094 thread web,0,0,0,256,832,2,17000,2317,0,0,1.3710,0.0000,0.0000,3.3909,56,67,5084
spawn,5206580,4,449,426 fisheye grid,0,0,0,256,641,1,17000,24645,0,0,1.2460,0.0000,0.0000,6.0837,56,67,5084
spawn,5206820,4,168,145 aurora curtains,1,0,0,256,671,2,17000,8551,0,0,1.0299,0.0000,0.0000,1.6955,56,67,5084
spawn,5207060,4,29,006 tri morph,0,0,0,256,637,2,17000,23294,0,0,1.0882,0.0000,0.0000,2.5931,67,144,5085
spawn,5207300,4,409,386 quilted padding,0,0,0,256,914,1,17000,7427,0,0,1.3142,0.0000,0.0000,2.9920,67,144,5085
spawn,5207540,4,362,339 plasma lozenge,0,0,0,256,1017,1,17000,24533,0,0,1.2156,0.0000,0.0000,1.1968,67,144,5085
spawn,5207780,4,419,396 byzantine tesserae,0,0,0,256,653,0,17000,9146,0,0,1.2074,0.0000,0.0000,5.6848,67,144,5085
spawn,5208193,3,210,187 harmonic lantern,3,0,1,73,520,0,4204,28768,0,0,1.9581,-0.0694,-0.1282,4.8869,144,59,5086
spawn,5208387,1,261,238 vortex sheet,1,0,1,159,525,0,13687,1149,0,0,0.4308,-0.1659,0.0106,5.4853,144,59,5086
spawn,5208422,4,70,047 target choir,0,0,0,256,1206,0,17000,20853,0,0,1.1219,0.0000,0.0000,1.6955,144,59,5086
spawn,5208428,4,338,315 coral mandala,1,0,0,256,1213,1,17000,23730,0,0,1.4244,0.0000,0.0000,0.2992,144,59,5086
spawn,5209178,2,610,587 slow snow,3,0,1,122,701,1,14281,15855,158,0,2.0669,0.0459,0.1918,3.8896,59,72,5087
spawn,5209513,1,191,168 schotter drift,2,0,1,136,945,1,17000,3088,0,0,2.4364,-0.0224,0.0553,1.8949,59,72,5087
spawn,5209737,4,388,365 dark nebula,0,0,0,256,664,2,17000,30166,0,0,1.2978,0.0000,0.0000,4.3883,59,72,5087
spawn,5210098,3,197,174 braid loom,2,0,2,85,589,2,8695,23575,0,0,0.7716,0.1965,-0.2224,2.8923,59,72,5087
spawn,5210531,4,320,297 quasi penrose,1,0,0,256,726,1,17000,14740,0,0,1.3447,0.0000,0.0000,2.7925,72,21,5088
spawn,5210826,4,316,293 lantern rows,1,0,0,256,677,0,17000,28386,0,0,1.0233,0.0000,0.0000,3.8896,72,21,5088
spawn,5211020,4,183,160 chrome relief,0,0,0,256,1221,2,17000,12558,0,0,1.2592,0.0000,0.0000,4.6875,72,21,5088
spawn,5211364,2,514,491 jacobs ladder,3,0,2,107,1652,2,17000,27686,0,0,0.9543,0.1588,-0.1118,0.6981,21,143,5089
spawn,5211544,1,509,486 volcanic lightning,2,0,4,90,1392,2,17000,2858,40,1,1.5496,0.0553,-0.2059,0.2992,21,143,5089
spawn,5211726,3,75,052 orbit weave,3,0,2,103,1304,2,9328,20550,60,2,0.5067,-0.0929,0.2694,1.5957,21,143,5089
spawn,5212315,4,599,576 matrix dense field,1,0,0,256,1070,1,20000,6934,0,0,1.2559,0.0000,0.0000,3.5904,143,75,5090
spawn,5212333,4,399,376 sand ripples,0,0,0,256,609,1,17000,7577,0,0,1.3356,0.0000,0.0000,3.7899,143,75,5090
spawn,5212912,4,253,230 nebula wisps,1,0,0,256,850,1,17000,14183,0,0,1.3907,0.0000,0.0000,1.9947,143,75,5090
spawn,5213480,2,165,142 attractor smoke,3,0,1,107,471,1,14906,23704,0,0,1.4305,-0.0388,-0.1235,1.7952,75,91,5091
spawn,5213520,4,115,092 greek key panel,0,0,0,256,884,2,17000,29601,0,0,1.2271,0.0000,0.0000,0.3989,75,91,5091
spawn,5214036,1,142,119 rose window,2,0,4,90,1001,2,17000,9430,109,0,2.3070,0.2388,0.0224,3.3909,75,91,5091
spawn,5214163,3,32,009 lissa web,2,0,1,81,673,2,10804,15054,2,1,1.5680,-0.1282,0.1118,4.1888,75,91,5091
spawn,5214479,4,426,403 damascus steel,0,0,0,256,887,2,17000,23474,0,0,1.2953,0.0000,0.0000,3.9893,91,2,5092
spawn,5215203,2,574,551 hummingbirds,3,0,2,130,589,2,17000,32740,176,0,0.5827,0.0341,-0.0435,1.5957,91,2,5092
spawn,5215395,4,408,385 flag ripple,0,0,0,256,776,2,17000,14323,0,0,1.0825,0.0000,0.0000,3.9893,2,139,5093
spawn,5215848,1,58,035 string cardioid,2,0,1,142,756,2,17000,23574,0,0,0.5848,-0.1494,-0.1706,1.0971,2,139,5093
spawn,5215974,3,522,499 arc flash,3,0,2,82,261,2,9187,27224,0,0,0.8537,-0.2576,0.1965,6.2832,2,139,5093
spawn,5216158,4,373,350 fog banks,0,0,0,256,657,2,17000,4454,0,0,1.1047,0.0000,0.0000,6.1835,2,139,5093
spawn,5216832,4,396,373 rain rings,0,0,0,256,1312,1,17000,12794,0,0,1.3216,0.0000,0.0000,1.5957,139,174,5094
spawn,5218220,4,407,384 corduroy waves,0,0,0,256,627,2,17000,32323,0,0,1.1729,0.0000,0.0000,3.4907,174,19,5095
spawn,5218570,1,602,579 matrix pileup,2,0,4,90,1031,2,22000,11981,0,0,1.4777,0.2318,-0.2153,5.4853,19,112,5096
spawn,5218653,3,94,071 silk currents,2,0,2,84,543,2,10359,22773,0,0,0.6196,-0.0812,0.1259,0.2992,19,112,5096
spawn,5218857,2,598,575 matrix slow mutation,2,0,2,137,460,2,14484,17071,0,0,2.0669,0.1918,0.2671,2.7925,19,112,5096
spawn,5218897,4,86,063 spiral zoom,0,0,0,256,815,1,17000,6451,0,0,1.4236,0.0000,0.0000,1.9947,19,112,5096
spawn,5219800,4,458,435 watercolour blooms,0,0,0,256,846,0,17000,27303,0,0,1.0356,0.0000,0.0000,5.3856,112,102,5097
spawn,6800000,0,262,239 fungal gills,1,0,0,256,1431,0,17000,14703,0,0,1.2756,0.0000,0.0000,5.5851,49,113,6640
spawn,6800157,1,60,037 pendulum web,2,0,1,158,921,0,12218,30836,0,0,1.2971,0.2741,-0.2200,6.0837,49,113,6640
spawn,6800468,2,541,518 sheet wash,2,0,1,124,594,0,8384,6988,0,0,2.1777,-0.2459,-0.1518,0.8976,113,151,6641
spawn,6800737,3,217,194 harmonic shell,2,0,1,76,434,0,4580,23505,0,0,0.9050,0.0129,0.1118,0.0997,113,151,6641
spawn,6801007,4,463,440 gouache smudge,0,0,0,256,662,2,17000,19536,0,0,1.0874,0.0000,0.0000,2.0944,113,151,6641
spawn,6801605,4,486,463 julia drift,0,0,0,256,864,2,32768,2076,0,0,1.1063,0.0000,0.0000,1.4960,151,122,6642
spawn,6802261,3,220,197 fern dust,3,0,2,82,474,2,10640,18173,0,0,1.8103,0.2624,-0.2788,4.6875,151,122,6642
spawn,6802447,4,347,324 braid ropes,1,0,0,256,702,1,17000,25936,0,0,1.0652,0.0000,0.0000,1.5957,122,12,6643
spawn,6802875,4,437,414 spiral rays,0,0,0,256,764,2,17000,5234,0,0,1.1285,0.0000,0.0000,1.6955,122,12,6643
spawn,6803278,2,214,191 hopf weave,2,0,2,85,1001,2,17000,17435,0,0,0.9070,0.1847,-0.1471,0.5984,122,12,6643
spawn,6803413,1,508,485 heat lightning,2,0,4,90,979,2,17000,27467,8,2,0.4677,-0.0953,-0.1118,5.8843,122,12,6643
spawn,6803642,4,478,455 isobar map,0,0,0,256,1059,0,17000,12214,0,0,1.3973,0.0000,0.0000,0.0000,12,160,6644
spawn,6804354,3,580,557 gear pair,3,0,1,88,825,0,4153,22984,0,0,1.5845,0.2271,0.0012,2.3936,12,160,6644
spawn,6804654,4,108,085 vector machine,1,0,0,256,1469,1,17000,3426,0,0,1.3175,0.0000,0.0000,3.8896,160,24,6645
spawn,6805352,1,140,117 cloth lattice,2,0,1,134,1543,1,17000,13452,0,1,2.4528,-0.1941,-0.0341,5.1861,160,24,6645
spawn,6805468,2,158,135 kelvin wake,2,0,1,118,660,1,13187,8570,95,0,0.9009,-0.0459,0.0341,2.3936,160,24,6645
spawn,6806265,4,436,413 twin sunbursts,0,0,0,256,782,2,17000,30895,0,0,1.1137,0.0000,0.0000,2.6928,24,48,6646
spawn,6806987,3,215,192 steiner pearls,3,0,2,102,693,2,8859,20196,0,0,0.6689,0.2553,-0.1024,1.8949,48,179,6647
spawn,6807037,2,155,132 tesseract drift,3,0,2,114,618,2,17000,4108,0,2,1.0569,-0.1824,0.0271,3.1915,48,179,6647
spawn,6807118,4,252,229 stained glass,1,0,0,256,726,2,17000,25621,0,0,1.4038,0.0000,0.0000,4.3883,48,179,6647
spawn,6807619,4,121,098 gear flower quad,0,0,0,256,916,2,17000,11918,0,0,1.2197,0.0000,0.0000,5.1861,179,71,6648
spawn,6807980,1,74,051 firework garden,1,0,1,160,1184,2,22000,30347,0,2,2.4220,0.0976,-0.2341,2.5931,179,71,6648
spawn,6808379,2,518,495 lightning wheel,3,0,2,136,709,2,15890,20937,0,0,1.5598,0.0600,0.2012,3.8896,179,71,6648
spawn,6808595,4,370,347 curl plasma,0,0,0,256,929,2,17000,3316,0,0,1.4326,0.0000,0.0000,1.5957,71,41,6649
spawn,6809197,3,589,566 sprocket chain,3,0,2,113,455,2,8625,10158,0,0,1.7343,-0.2576,0.0765,5.0864,71,41,6649
spawn,6809556,4,400,377 dune field,0,0,0,256,630,2,17000,23533,0,0,1.0282,0.0000,0.0000,0.2992,71,41,6649
spawn,6809940,1,235,212 cell tissue,1,0,1,176,795,2,17000,5782,0,0,1.0959,0.1424,-0.1588,0.6981,41,140,6650
spawn,6810163,2,196,173 steiner necklace,3,0,2,88,1211,2,17000,27756,0,0,1.1164,0.2247,0.1612,3.2912,41,140,6650
spawn,6810200,4,455,432 crumple dye,0,0,0,256,948,2,17000,14410,0,0,1.0710,0.0000,0.0000,3.8896,41,140,6650
spawn,6810799,3,563,540 cloud rift,2,0,1,75,292,2,10945,20684,0,0,1.6029,-0.1471,0.2035,4.0891,140,107,6651
spawn,6811169,4,361,338 warped plasma,0,0,0,256,802,2,17000,6941,0,0,1.2756,0.0000,0.0000,4.0891,140,107,6651
spawn,6811684,1,173,150 relief lantern,2,0,1,180,816,2,17000,23577,60,0,0.7038,0.1494,0.0765,1.5957,107,27,6652
spawn,6811994,2,502,479 spider lightning,3,0,2,100,966,2,17000,255,0,0,0.9337,-0.2224,-0.1329,4.1888,107,27,6652
spawn,6812114,4,376,353 storm front,0,0,0,256,1136,1,17000,12596,0,0,1.3438,0.0000,0.0000,2.8923,107,27,6652
spawn,6812630,3,585,562 gear cascade,3,0,1,78,850,1,5546,17667,91,0,1.6912,-0.2741,-0.1588,5.5851,107,27,6652
spawn,6813171,1,211,188 plait loom,1,0,1,154,1174,1,17000,8353,103,1,1.2109,-0.1141,-0.2059,2.4933,27,46,6653
spawn,6813405,4,37,014 copper octarings,0,0,0,256,1516,2,17000,30892,0,0,1.0858,0.0000,0.0000,1.1968,27,46,6653
spawn,6814042,2,124,101 physarum veil,2,0,1,137,1252,2,17000,23775,0,0,2.3604,-0.1494,0.0176,5.4853,46,47,6654
spawn,6814712,3,501,478 crawler arcs,3,0,2,81,360,2,9187,15408,156,0,1.3402,0.0129,0.0647,1.6955,46,47,6654
spawn,6815001,4,6,asm,0,0,0,256,353,1,17000,5715,0,0,1.1926,0.0000,0.0000,3.5904,47,7,6655
spawn,6815429,4,29,006 tri morph,0,0,0,256,766,1,17000,29223,0,0,1.0307,0.0000,0.0000,4.8869,47,7,6655
spawn,6815822,1,265,242 quilted puff,1,0,1,154,658,1,17000,16321,0,0,2.2044,0.0835,0.0365,1.7952,7,73,6656
spawn,6816141,2,201,178 doyle spiral,2,0,1,108,744,1,11843,5333,92,1,1.4141,0.1235,0.2059,0.0997,7,73,6656
spawn,6816195,4,101,078 turing garden,0,0,0,256,910,1,17000,22839,0,0,1.3447,0.0000,0.0000,1.0971,7,73,6656
spawn,6816799,3,76,053 gravity rose,3,0,1,76,685,1,5500,29697,0,0,1.7405,0.2906,0.1518,1.8949,73,35,6657
spawn,6817055,1,225,202 silk veil,1,0,1,137,496,1,17000,14435,124,1,2.1059,-0.0694,0.1847,3.0917,73,35,6657
spawn,6817096,4,412,389 glass blocks,0,0,0,256,792,1,17000,778,0,0,1.2510,0.0000,0.0000,5.2859,73,35,6657
spawn,6817971,3,624,601 glyph glints,3,0,1,91,317,1,5796,24192,0,2,1.9519,0.0624,0.1259,4.4880,35,50,6658
spawn,6818010,4,453,430 spiral tiedye,0,0,0,256,1005,0,17000,7587,0,0,1.3003,0.0000,0.0000,5.8843,35,50,6658
spawn,6818531,1,224,201 lava lamp,2,0,1,168,665,0,11250,29884,64,0,1.3340,0.0412,-0.2647,4.5877,35,50,6658
spawn,6818662,2,608,585 constellation connect,3,0,4,90,573,0,7242,22714,0,0,1.3730,-0.1541,-0.0718,1.8949,35,50,6658
spawn,6819095,4,413,390 cathedral panes,0,0,0,256,710,0,17000,15391,0,0,1.3800,0.0000,0.0000,0.2992,50,119,6659
spawn,6819822,3,179,156 apollonian tide,3,0,1,99,719,0,4184,32300,0,0,0.9194,0.2529,-0.2247,2.0944,50,119,6659
spawn,6819826,4,122,099 racetrack drums,0,0,0,256,1580,1,17000,23022,0,0,1.2904,0.0000,0.0000,0.9973,50,119,6659
spawn,6820326,1,346,323 brush strokes,1,0,1,150,832,1,17000,9527,37,2,1.9109,0.2694,-0.3000,3.9893,119,16,6660
spawn,6821492,4,381,358 nebula veils,0,0,0,256,793,1,17000,6062,0,0,1.1384,0.0000,0.0000,0.8976,16,144,6661
spawn,6821719,2,538,515 frozen twins,3,0,1,136,529,1,14937,19784,126,2,1.9293,-0.3000,-0.1024,4.1888,16,144,6661
spawn,6822063,1,62,039 butterfly lace,2,0,1,165,451,1,17000,26458,0,0,0.6053,-0.2153,-0.0953,3.1915,144,44,6662
spawn,6822257,4,26,003 hex snowfold,0,0,0,256,837,1,17000,14130,0,0,1.2781,0.0000,0.0000,5.1861,144,44,6662
spawn,6822637,3,159,136 dipole lines,2,0,4,90,572,1,7203,380,0,2,0.6196,0.0906,0.0247,4.3883,144,44,6662
spawn,6823089,4,182,159 caustic veil,1,0,0,256,1125,2,17000,25632,0,0,1.0849,0.0000,0.0000,5.8843,44,163,6663
spawn,6823483,1,218,195 aperture star,2,0,2,64,620,2,17000,10578,0,0,1.4592,-0.0741,0.2506,2.4933,44,163,6663
spawn,6823837,2,600,577 matrix sparse spark,2,0,2,64,940,2,17000,17608,0,0,2.3152,-0.2365,0.1047,5.0864,44,163,6663
spawn,6824181,4,474,451 topo contours,0,0,0,256,859,2,17000,3103,0,0,1.3816,0.0000,0.0000,2.3936,163,120,6664
spawn,6825016,4,16,asm,0,1,0,256,518,1,17000,10451,0,0,1.0701,0.0000,0.0000,0.0997,120,122,6665
spawn,6825543,4,435,412 soft sunburst,0,0,0,256,747,1,17000,26227,0,0,1.2090,0.0000,0.0000,4.9867,120,122,6665
spawn,6826000,1,169,146 apollonian rings,2,0,4,90,822,1,14000,10539,146,0,1.1780,-0.0012,0.0129,5.5851,122,177,6666
spawn,6826242,3,96,073 frost court,3,0,2,76,507,1,7343,4166,0,0,2.3584,0.2035,-0.0082,3.2912,122,177,6666
spawn,6826292,4,260,237 dew web,1,0,0,256,833,2,17000,383,0,0,1.2962,0.0000,0.0000,4.6875,122,177,6666
spawn,6826629,4,329,306 paisley field,1,0,0,256,964,1,17000,21055,0,0,1.2477,0.0000,0.0000,3.8896,122,177,6666
spawn,6826869,4,465,442 suminagashi,0,0,0,256,653,2,17000,27248,0,0,1.3800,0.0000,0.0000,4.4880,122,177,6666
spawn,6827427,3,620,597 will o wisp,3,0,2,72,341,2,10242,9639,0,0,2.1469,0.0482,0.2200,3.0917,177,156,6667
spawn,6827520,4,0,asm,0,0,0,256,122,2,17000,2021,0,0,1.3249,0.0000,0.0000,4.4880,177,156,6667
spawn,6827823,4,394,371 cell caustics,0,0,0,256,792,0,17000,21770,0,0,1.0578,0.0000,0.0000,1.7952,177,156,6667
spawn,6828087,2,581,558 gear train,3,0,1,114,984,0,6539,6009,0,0,1.9355,-0.2906,0.0224,6.0837,156,78,6668
spawn,6828448,1,251,228 rope net,1,0,1,154,535,0,12843,29386,46,0,0.4021,-0.2718,0.1800,2.0944,156,78,6668
spawn,6828722,4,35,012 rotozoom kaleido,0,0,0,256,1452,1,17000,15575,0,0,1.2625,0.0000,0.0000,1.6955,156,78,6668
spawn,6829393,3,135,112 vortex ink,3,0,1,104,1113,1,7250,20596,162,0,1.9622,-0.2412,-0.1094,0.3989,78,153,6669
spawn,6829974,2,81,058 fountain arcs,2,0,1,111,1336,1,9187,32109,0,0,1.9560,-0.2247,-0.2694,2.5931,78,153,6669
spawn,6830298,4,222,199 talbot carpet,0,0,0,256,1487,1,17000,8032,0,0,1.0841,0.0000,0.0000,5.1861,153,34,6670
spawn,6830953,1,229,206 breathing membrane,1,0,1,154,1167,1,17000,12563,0,0,0.4636,-0.0106,0.0953,2.4933,153,34,6670
spawn,6831396,3,555,532 stepped leader,3,0,1,94,470,1,6265,18023,0,0,1.3320,-0.1635,-0.1800,2.0944,34,104,6671
spawn,6831811,4,447,424 warped grid,0,0,0,256,693,2,17000,29464,0,0,1.0882,0.0000,0.0000,3.2912,34,104,6671
spawn,6832260,2,594,571 clockwork pendulum,3,0,2,131,689,2,17000,3290,0,0,2.4466,-0.0012,0.2576,0.0000,104,154,6672
spawn,6832327,3,612,589 grinder sparks,3,0,2,96,665,2,10710,25112,0,1,1.7548,-0.1871,0.2082,1.3963,104,154,6672
spawn,6832519,4,386,363 milky band,0,0,0,256,823,2,17000,19117,0,0,1.2855,0.0000,0.0000,6.2832,104,154,6672
spawn,6832958,1,103,080 tendril rose,2,0,4,90,868,2,17000,11644,0,0,1.2663,-0.1894,-0.1965,4.6875,104,154,6672
spawn,6833328,4,456,433 shibori stripes,0,0,0,256,843,2,17000,2308,0,0,1.0907,0.0000,0.0000,4.0891,154,14,6673
spawn,6833755,3,622,599 dandelion seeds,3,0,2,96,403,2,10406,27663,0,0,0.8393,-0.0247,-0.2647,4.7872,154,14,6673
spawn,6833973,2,494,471 ball lightning,3,0,2,120,537,2,17000,5948,0,0,2.1490,-0.1494,-0.0082,3.6901,154,14,6673
spawn,6834170,4,490,467 chrome ripples,0,0,0,256,699,1,17000,19149,0,0,1.3332,0.0000,0.0000,2.0944,154,14,6673
spawn,6835027,4,404,381 silk folds,0,0,0,256,716,1,17000,2405,0,0,1.2411,0.0000,0.0000,5.4853,14,40,6674
spawn,6835594,1,326,303 sand dollars,1,0,1,129,560,1,17000,19107,0,2,0.9440,-0.1259,-0.0953,2.2939,40,141,6675
spawn,6835673,3,213,190 glenz vectors,2,0,1,93,610,1,5656,27591,0,0,2.1757,-0.1400,0.2953,5.9840,40,141,6675
spawn,6835802,2,191,168 schotter drift,2,0,1,125,421,1,10000,9878,0,0,2.3933,-0.1800,-0.2059,5.6848,40,141,6675
spawn,6835824,4,389,366 planetary nebula,0,0,0,256,991,1,17000,31047,0,0,1.1655,0.0000,0.0000,2.4933,40,141,6675
spawn,6836861,3,193,170 gyroid veil,2,0,1,90,467,1,6531,11926,19,1,1.7446,0.0882,-0.1706,5.3856,141,12,6676
spawn,6836908,4,254,231 tide foam,1,0,0,256,1119,2,17000,21813,0,0,1.1474,0.0000,0.0000,1.4960,141,12,6676
spawn,6837615,2,525,502 thunder cell,2,0,2,82,979,2,17000,558,118,2,0.8865,0.2906,-0.1871,0.1995,12,126,6677
spawn,6837653,4,375,352 sunset bands,0,0,0,256,1379,2,17000,7712,0,0,1.3200,0.0000,0.0000,1.4960,12,126,6677
spawn,6838210,3,515,492 helix bolt,3,0,2,72,498,2,10546,24603,172,2,0.5991,0.1400,-0.2388,2.3936,12,126,6677
spawn,6838246,1,100,077 mycelium veil,2,0,2,130,999,2,17000,16003,0,2,1.0323,-0.0929,-0.0059,4.9867,12,126,6677
spawn,6839192,4,477,454 heat contours,0,0,0,256,899,2,17000,28326,0,0,1.3833,0.0000,0.0000,5.7845,126,5,6678
spawn,6839661,3,132,109 rain pond,3,0,2,104,1136,2,10734,4667,0,0,1.4818,0.1635,0.2082,0.0997,5,13,6679
spawn,6839790,2,498,475 frozen bolt,3,0,4,90,392,2,17000,17484,0,0,1.6337,0.0200,0.2859,3.2912,5,13,6679
spawn,6840167,1,157,134 aurora curtain,2,0,1,162,815,2,22000,9892,66,0,1.2786,0.2106,0.1518,3.3909,5,13,6679
spawn,6840175,4,423,400 spun metal,0,0,0,256,682,1,17000,26027,0,0,1.2962,0.0000,0.0000,5.9840,5,13,6679
spawn,6840911,2,150,127 dipole filings,3,0,1,123,1375,1,9468,18997,0,0,1.6789,0.2271,-0.1024,1.9947,13,121,6680
spawn,6840954,4,371,348 dawn clouds,0,0,0,256,610,2,17000,12739,0,0,1.2115,0.0000,0.0000,3.7899,13,121,6680
spawn,6841600,1,216,193 cord braid,2,0,2,93,1083,2,17000,26361,0,0,1.7630,-0.0224,0.1965,2.7925,121,89,6681
spawn,6841647,4,426,403 damascus steel,0,0,0,256,965,0,17000,3148,0,0,1.3142,0.0000,0.0000,3.8896,121,89,6681
spawn,6842065,3,623,600 comet dust,3,0,1,90,503,0,4814,11066,0,0,2.0792,0.1659,-0.2388,4.5877,121,89,6681
spawn,6842627,4,468,445 alcohol ink,0,0,0,256,857,1,17000,30731,0,0,1.1162,0.0000,0.0000,1.0971,89,46,6682
spawn,6843156,2,63,040 maurer rose,2,0,1,136,453,1,14000,14403,0,0,1.2622,0.0412,-0.2647,0.0997,89,46,6682
spawn,6843339,1,272,249 canyon strata,1,0,1,157,767,1,17000,24296,0,0,0.5971,-0.1871,-0.2765,0.6981,89,46,6682
spawn,6843580,3,139,116 hilbert unfold,3,0,1,75,530,1,5875,7869,0,0,1.5147,0.2035,-0.2765,4.8869,46,97,6683
spawn,6843624,4,241,218 kelp forest,0,0,0,256,1493,1,17000,4395,0,0,1.4277,0.0000,0.0000,2.8923,46,97,6683
spawn,6843926,4,406,383 satin ripples,0,0,0,256,707,0,17000,30321,0,0,1.0751,0.0000,0.0000,1.4960,46,97,6683
spawn,6844595,4,629,606 burning ship,0,0,0,256,1301,0,17000,11818,0,0,1.3570,0.0000,0.0000,1.4960,97,160,6684
spawn,6845064,2,151,128 aggregate bloom,3,0,1,103,710,0,8507,28665,0,0,0.9296,0.2671,-0.0718,6.0837,97,160,6684
spawn,6845249,4,431,408 lowpoly terrain,0,0,0,256,852,1,17000,21249,0,0,1.3545,0.0000,0.0000,3.4907,97,160,6684
spawn,6845699,3,524,501 st elmos fire,3,0,1,111,638,1,5046,11279,38,0,0.9132,-0.2529,0.1729,0.0997,160,132,6685
spawn,6845927,1,299,276 marble kaleido,1,0,1,148,809,1,17000,7684,7,0,2.2352,0.1188,-0.0694,3.0917,160,132,6685
spawn,6846146,4,138,115 vega bulge,0,0,0,256,1057,1,17000,16394,0,0,1.3208,0.0000,0.0000,2.4933,160,132,6685
spawn,6846839,2,178,155 knot loom,2,0,1,110,1090,1,13750,26681,33,0,1.9478,0.0294,0.1635,3.0917,132,51,6686
spawn,6847243,4,449,426 fisheye grid,0,0,0,256,844,1,17000,6692,0,0,1.3093,0.0000,0.0000,1.1968,132,51,6686
spawn,6847952,3,497,474 storm front,2,0,1,98,1407,1,6312,15902,74,0,1.5680,0.2482,0.2741,4.2885,51,30,6687
spawn,6848193,4,373,350 fog banks,0,0,0,256,920,2,17000,32323,0,0,1.3800,0.0000,0.0000,1.3963,51,30,6687
spawn,6848763,1,304,281 feather mandala,1,0,1,145,1447,2,17000,24438,124,1,0.5519,-0.1894,0.1941,4.7872,30,148,6688
spawn,6849040,2,573,550 kites on strings,3,0,2,100,762,2,17000,7662,0,1,0.7757,0.0600,0.1659,0.3989,30,148,6688
spawn,6849107,4,420,397 pebble mosaic,0,0,0,256,1490,1,17000,20609,0,0,1.3652,0.0000,0.0000,0.0000,30,148,6688
spawn,6850487,3,618,595 mote swarm,3,0,1,72,781,1,7156,8027,0,0,1.5331,0.1235,0.1682,0.2992,148,38,6689
spawn,6850695,4,66,043 turing labyrinth,0,0,0,256,852,0,17000,32496,0,0,1.1170,0.0000,0.0000,3.5904,38,49,6690
spawn,6851030,2,572,549 paper planes,3,0,1,117,488,0,7453,18557,0,0,1.1370,0.1188,-0.1424,4.1888,38,49,6690
spawn,6851106,1,153,130 pentagrid,2,0,1,133,567,0,10937,14417,0,0,0.4411,0.0859,-0.1118,4.0891,38,49,6690
spawn,6851641,4,382,359 star cloud,0,0,0,256,609,0,17000,24492,0,0,1.1121,0.0000,0.0000,2.9920,49,102,6691
spawn,6852287,3,537,514 bead lightning,3,0,1,93,632,0,3707,7990,0,0,1.6912,0.2294,-0.1894,0.6981,49,102,6691
spawn,6852328,4,384,361 gas pillars,0,0,0,256,889,1,17000,16127,0,0,1.3068,0.0000,0.0000,6.0837,49,102,6691
spawn,6853120,1,147,124 poincare web,2,0,4,90,693,1,17000,29022,0,0,1.0015,-0.2012,0.0529,0.2992,102,35,6692
spawn,6853259,4,425,402 anodized sheen,0,0,0,256,658,2,17000,22946,0,0,1.3060,0.0000,0.0000,3.4907,102,35,6692
spawn,6853668,2,535,512 ball lightning drift,3,0,2,100,861,2,17000,8854,0,0,2.3214,-0.0129,0.1353,4.8869,35,45,6693
spawn,6853900,4,440,417 sun halo,0,0,0,256,794,0,17000,16110,0,0,1.0660,0.0000,0.0000,4.5877,35,45,6693
spawn,6854379,3,610,587 slow snow,3,0,1,88,582,0,4641,26247,131,2,1.4346,0.1871,0.0576,2.3936,35,45,6693
spawn,6854608,1,77,054 starfield warp,2,0,1,150,1450,0,10375,31830,106,0,1.9273,-0.2318,-0.1235,1.4960,35,45,6693
spawn,6854801,4,443,420 elliptic rings,0,0,0,256,850,2,17000,3923,0,0,1.1408,0.0000,0.0000,1.7952,45,27,6694
spawn,6855739,4,366,343 orbiting blobs,0,0,0,256,816,1,17000,16920,0,0,1.0816,0.0000,0.0000,0.4987,27,136,6695
spawn,6856285,3,597,574 matrix heavy top,2,0,1,102,679,1,4000,24039,152,2,1.4428,-0.1824,0.0741,2.8923,27,136,6695
spawn,6856673,4,493,470 sheet lightning,0,0,0,256,1516,2,17000,29705,0,0,1.2937,0.0000,0.0000,1.9947,27,136,6695
spawn,6856977,4,134,111 physarum veins,1,0,0,256,933,2,17000,8168,0,0,1.3044,0.0000,0.0000,2.8923,136,117,6696
spawn,6857217,4,403,380 dry lakebed,0,0,0,256,639,0,17000,23546,0,0,1.1597,0.0000,0.0000,5.4853,136,117,6696
spawn,6857622,2,549,526 lightning heart,3,0,1,140,926,0,7628,4828,0,0,1.7938,-0.2812,0.1165,2.0944,136,117,6696
spawn,6857884,3,564,541 comet trio,3,0,1,79,603,0,4285,15383,40,1,0.8249,-0.0741,0.2553,0.7979,117,90,6697
spawn,6857903,4,72,049 voronoi breath,0,0,0,256,1164,1,17000,31927,0,0,1.2164,0.0000,0.0000,4.3883,117,90,6697
spawn,6858464,4,343,320 membrane pores,1,0,0,256,782,2,17000,21387,0,0,1.1375,0.0000,0.0000,2.8923,117,90,6697
spawn,6859063,1,160,137 rutt etra relief,2,0,2,102,774,2,17000,2949,0,0,1.5804,-0.0812,0.0765,0.4987,90,150,6698
spawn,6859299,3,591,568 rack and pinion,3,0,2,84,648,2,9351,12142,0,2,1.6871,-0.1094,0.2271,2.7925,90,150,6698
spawn,6859337,4,374,351 rain veil,0,0,0,256,780,1,17000,29613,0,0,1.0866,0.0000,0.0000,2.7925,90,150,6698
spawn,6859872,2,61,038 guilloche rings,2,0,1,136,423,1,14093,24093,0,0,1.6707,-0.0247,-0.1376,0.1995,150,70,6699
spawn,6860196,4,14,asm,0,0,0,256,214,2,17000,13600,0,0,1.3364,0.0000,0.0000,2.6928,150,70,6699
spawn,6860456,4,120,097 magenta fireworks,0,0,0,256,744,0,17000,1907,0,0,1.2649,0.0000,0.0000,4.2885,150,70,6699
spawn,6861007,1,221,198 whirl nest,2,0,1,174,885,0,12968,20953,133,0,1.6563,0.1400,-0.0341,4.4880,70,128,6700
spawn,6861103,3,577,554 spinning tops,3,0,1,113,665,0,3879,11152,81,0,1.0364,-0.1471,-0.1424,0.0997,70,128,6700
spawn,6861305,4,335,312 membrane web,1,0,0,256,601,0,17000,29880,0,0,1.3899,0.0000,0.0000,5.0864,70,128,6700
spawn,6861713,4,388,365 dark nebula,0,0,0,256,782,1,17000,4666,0,0,1.0430,0.0000,0.0000,4.7872,70,128,6700
spawn,6862039,2,79,056 ribbon swarm,2,0,1,106,642,1,9593,29185,0,1,1.4326,0.0647,0.0765,3.9893,128,107,6701
spawn,6862366,1,342,319 lattice bloom,1,0,1,175,652,1,17000,16172,153,1,0.6628,0.1235,0.0129,1.7952,128,107,6701
spawn,6862646,4,309,286 mirror veil,1,0,0,256,1535,1,17000,11240,0,0,1.4359,0.0000,0.0000,4.6875,128,107,6701
spawn,6863399,3,325,302 cirrus streaks,2,0,1,103,299,1,7093,30096,55,0,2.3317,-0.1306,0.2271,1.1968,107,68,6702
spawn,6863537,2,114,091 diamond confetti,2,0,1,122,858,1,13406,20558,0,0,1.8513,0.2765,-0.2059,2.6928,107,68,6702
spawn,6863883,1,116,093 cathedral fan,2,0,1,146,833,1,17000,5765,125,1,1.9252,0.1188,0.2341,4.3883,68,149,6703
spawn,6864262,4,459,436 wet washes,0,0,0,256,642,1,17000,1390,0,0,1.3241,0.0000,0.0000,0.4987,68,149,6703
spawn,6864885,4,267,244 kite tiles,1,0,0,256,592,2,17000,20877,0,0,1.2304,0.0000,0.0000,6.2832,68,149,6703
spawn,6865336,1,519,496 storm horizon,2,0,2,108,1127,2,17000,3873,12,2,2.4713,-0.2012,0.0671,6.2832,149,109,6704
spawn,6865526,4,385,362 supernova shells,0,0,0,256,809,2,17000,27898,0,0,1.2189,0.0000,0.0000,0.0997,149,109,6704
spawn,6866367,4,438,415 rays through cloud,0,0,0,256,937,2,17000,15355,0,0,1.3644,0.0000,0.0000,0.2992,109,55,6705
spawn,6866765,3,571,548 soap bubbles,3,0,2,102,1327,2,9164,25258,177,1,0.4903,0.1941,-0.1824,1.6955,109,55,6705
spawn,6866918,2,39,016 shadebob rosette,2,0,2,102,1207,2,17000,1050,0,0,0.8270,-0.1259,-0.1659,1.0971,109,55,6705
spawn,6867338,1,161,138 soap bubbles,2,0,2,102,761,2,22000,6876,0,0,1.5455,-0.1659,-0.3000,2.4933,55,143,6706
spawn,6867413,4,154,131 times table,1,0,0,256,1414,1,20000,10972,0,0,1.2937,0.0000,0.0000,1.8949,55,143,6706
spawn,6868853,4,312,289 sea anemone,1,0,0,256,875,2,17000,32233,0,0,1.0718,0.0000,0.0000,3.3909,143,113,6707
spawn,6869224,2,602,579 matrix pileup,2,0,2,99,701,2,12000,13153,0,0,0.9809,-0.1329,-0.0341,3.4907,113,72,6708
spawn,6869307,4,452,429 soft argyle,0,0,0,256,677,0,17000,19665,0,0,1.2937,0.0000,0.0000,1.8949,113,72,6708
spawn,6869872,1,256,233 crinkled foil,1,0,1,163,474,0,13906,74,0,0,1.0672,-0.2812,-0.1941,3.3909,113,72,6708
spawn,6869999,3,539,516 skyline leaders,3,0,1,80,322,0,3849,7352,0,0,1.4243,-0.0153,-0.2694,1.5957,113,72,6708
spawn,6870063,4,69,046 rps trichrome,0,0,0,256,1529,0,17000,28174,0,0,1.2814,0.0000,0.0000,5.9840,72,123,6709
spawn,6870611,2,131,108 vega bulge,2,0,1,107,1196,0,5554,18086,0,0,0.4062,0.2247,0.0482,5.6848,72,123,6709
spawn,6871370,3,223,200 lorenz ribbon,2,0,1,76,399,0,4072,21907,71,0,0.4883,-0.0553,-0.0506,5.0864,123,83,6710
spawn,6871416,1,270,247 pearl curtain,1,0,1,170,672,0,13468,10855,0,2,0.4903,-0.0906,0.0529,0.4987,123,83,6710
spawn,6871614,4,227,204 woven field,1,0,0,256,758,1,17000,3535,0,0,1.3636,0.0000,0.0000,4.8869,123,83,6710
spawn,6871934,4,292,269 velvet folds,1,0,0,256,780,2,17000,30052,0,0,1.4244,0.0000,0.0000,0.4987,123,83,6710
spawn,6872174,4,183,160 chrome relief,0,0,0,256,1543,0,17000,6818,0,0,1.2616,0.0000,0.0000,3.9893,83,32,6711
spawn,6872804,1,321,298 corner rays,1,0,1,143,822,0,14125,23278,0,0,0.5930,0.2953,0.2835,2.2939,83,32,6711
spawn,6872935,2,141,118 harmonic lantern,2,0,1,131,1448,0,7136,31778,56,1,1.9765,-0.1588,-0.0082,5.2859,83,32,6711
spawn,6873141,3,137,114 khatim weave,2,0,1,104,631,0,4783,10055,0,0,1.5639,-0.2788,-0.2529,3.9893,32,152,6712
spawn,6873810,4,275,252 fog banks,0,0,0,256,697,0,17000,15031,0,0,1.4367,0.0000,0.0000,2.7925,32,152,6712
spawn,6874334,1,174,151 chladni filaments,2,0,1,164,735,0,10937,27258,0,0,0.5067,-0.1894,-0.2624,5.1861,152,43,6713
spawn,6874482,4,378,355 heat shimmer,0,0,0,256,780,1,17000,20531,0,0,1.3570,0.0000,0.0000,0.9973,152,43,6713
spawn,6875068,3,611,588 pollen drift,3,0,1,87,486,1,6828,7178,137,1,2.0545,-0.2624,0.2388,4.9867,152,43,6713
spawn,6875388,4,482,459 soft kaleido,0,0,0,256,980,1,17000,15407,0,0,1.1762,0.0000,0.0000,2.1941,43,69,6714
spawn,6875893,2,621,598 rain glints,3,0,1,131,744,1,14468,2220,141,0,1.7343,-0.1847,-0.1000,0.2992,43,69,6714
spawn,6876027,1,278,255 lotus layers,1,0,1,151,962,1,17000,23903,0,0,2.3809,-0.2506,-0.0694,4.8869,43,69,6714
spawn,6876405,4,377,354 rolling mist,0,0,0,256,693,2,17000,9818,0,0,1.3816,0.0000,0.0000,1.5957,69,58,6715
spawn,6876886,3,142,119 rose window,2,0,1,95,901,2,9726,16909,0,0,1.7815,-0.0529,0.0482,4.4880,69,58,6715
spawn,6877205,4,470,447 malachite,0,0,0,256,708,0,17000,3455,0,0,1.0915,0.0000,0.0000,3.3909,58,2,6716
spawn,6877778,1,536,513 rolling front,2,0,1,131,774,0,13093,25163,0,0,1.6399,-0.2600,0.2906,3.0917,58,2,6716
spawn,6877893,2,506,483 sea lightning,3,0,1,124,910,0,7119,32177,180,0,2.4692,0.2106,0.2412,6.0837,58,2,6716
spawn,6878003,4,293,270 tapestry bands,1,0,0,256,707,0,17000,8690,0,0,1.1425,0.0000,0.0000,1.2965,58,2,6716
spawn,6878420,4,487,464 gradient mesh,0,0,0,256,658,1,17000,16526,0,0,1.1729,0.0000,0.0000,0.9973,2,85,6717
spawn,6879107,4,92,069 pillar hall,1,0,0,256,1227,2,17000,6466,0,0,1.1449,0.0000,0.0000,3.2912,2,85,6717
spawn,6879431,4,631,608 lyapunov,0,0,0,256,1460,1,17000,21752,0,0,1.3036,0.0000,0.0000,0.1995,85,103,6718
spawn,6879896,1,339,316 frost star,1,0,1,156,541,1,17000,6425,33,0,1.3648,0.1894,0.0200,0.8976,85,103,6718
spawn,6880192,2,165,142 attractor smoke,3,0,4,90,702,1,14906,32128,0,0,1.9047,0.1565,-0.0224,2.8923,85,103,6718
spawn,6880289,3,551,528 lightning comet,3,0,1,72,570,1,6265,13761,0,0,0.6792,-0.0647,-0.0953,3.1915,103,91,6719
spawn,6880475,4,401,378 wind streaks,0,0,0,256,629,1,17000,18505,0,0,1.2592,0.0000,0.0000,0.6981,103,91,6719
spawn,6881078,1,175,152 pentagrid lattice,2,0,1,155,869,1,17000,24653,0,0,0.8290,-0.1988,0.0012,2.4933,103,91,6719
spawn,6881236,4,439,416 fan blades,0,0,0,256,549,2,17000,7375,0,0,1.2419,0.0000,0.0000,2.7925,103,91,6719
spawn,6881641,2,507,484 lightning ring,3,0,2,102,1023,2,17000,17024,13,0,1.4531,-0.0035,-0.0859,1.0971,91,8,6720
spawn,6881829,4,467,444 ink wash gradient,0,0,0,256,745,0,17000,1288,0,0,1.4071,0.0000,0.0000,0.7979,91,8,6720
spawn,6882337,3,569,546 floating lanterns,3,0,1,108,539,0,3849,11033,0,2,2.0977,0.0129,-0.1424,5.7845,8,79,6721
spawn,6882731,4,414,391 glass shards,0,0,0,256,1048,2,17000,28551,0,0,1.4260,0.0000,0.0000,3.6901,8,79,6721
spawn,6883459,1,337,314 tentacle curtain,1,0,1,161,655,2,17000,7665,0,0,1.1985,0.2459,-0.1376,3.3909,79,6,6722
spawn,6883778,4,380,357 twilight glow,0,0,0,256,690,1,17000,16541,0,0,1.0488,0.0000,0.0000,0.6981,79,6,6722
spawn,6884552,3,187,164 kolam loom,3,0,1,79,1021,1,5468,24497,33,0,1.6953,0.2624,0.3000,5.6848,6,66,6723
spawn,6884556,4,305,282 comb jelly,1,0,0,256,624,2,17000,31870,0,0,1.3907,0.0000,0.0000,2.1941,6,66,6723
spawn,6885173,4,87,064 starburst forge,0,0,0,256,1015,0,17000,15287,0,0,1.0660,0.0000,0.0000,3.6901,6,66,6723
spawn,6885565,2,565,542 satellite orbits,3,0,4,90,339,0,7541,3776,0,0,1.0774,-0.1541,0.1800,3.1915,66,110,6724
spawn,6885778,1,149,126 orbit lace,2,0,1,158,1052,0,8000,9441,0,0,2.1531,0.2741,-0.2718,2.2939,66,110,6724
spawn,6886181,4,391,368 pool caustics,0,0,0,256,700,2,17000,20686,0,0,1.2296,0.0000,0.0000,2.6928,66,110,6724
spawn,6886522,3,104,081 poly morph,2,0,4,90,314,2,7734,30917,0,0,1.2191,0.2247,-0.1212,3.9893,110,50,6725
spawn,6886857,2,590,567 rolling pinions,2,0,2,118,535,2,17000,14927,46,0,0.5786,0.0459,0.2153,1.3963,110,50,6725
spawn,6887031,4,402,379 raked garden,0,0,0,256,990,2,17000,26143,0,0,1.3718,0.0000,0.0000,1.9947,110,50,6725
spawn,6887561,1,186,163 droste spiral,2,0,1,160,887,2,17000,2144,41,2,2.0874,0.1212,-0.1729,0.0000,50,125,6726
spawn,6887927,3,533,510 lissajous bolt,3,0,2,84,312,2,10593,12643,49,0,1.6933,0.2741,-0.2906,6.0837,50,125,6726
spawn,6888047,4,397,374 god rays,0,0,0,256,813,2,17000,31245,0,0,1.4014,0.0000,0.0000,6.0837,50,125,6726
spawn,6888886,2,547,524 orbiting balls,3,0,2,108,709,2,17000,14796,0,0,1.9026,-0.0200,0.2176,0.8976,125,75,6727
spawn,6888927,4,25,002 p4m quilt,0,0,0,256,1535,0,17000,25144,0,0,1.4071,0.0000,0.0000,2.1941,125,75,6727
spawn,6889456,3,614,591 star trails,3,0,1,73,589,0,4550,5034,125,1,1.4798,0.0647,0.2624,2.7925,125,75,6727
spawn,6889704,4,360,337 plasma bloom,0,0,0,256,689,1,17000,21031,0,0,1.0611,0.0000,0.0000,0.6981,75,74,6728
spawn,6890094,1,208,185 sandpile,2,0,1,170,1457,1,17000,30477,0,0,1.7938,-0.2482,-0.2553,2.2939,75,74,6728
spawn,6890477,2,128,105 rule mandala,3,0,1,104,995,1,15031,11523,0,0,1.2971,-0.0600,-0.1682,0.7979,75,74,6728
spawn,6890548,4,19,asm,0,1,0,256,522,1,17000,3919,0,0,1.4310,0.0000,0.0000,3.1915,74,71,6729
spawn,6891150,4,476,453 bathymetry,0,0,0,256,685,0,17000,19656,0,0,1.2164,0.0000,0.0000,2.8923,74,71,6729
spawn,6891541,3,210,187 harmonic lantern,3,0,1,95,748,0,4204,4377,60,2,1.7548,0.1588,-0.0647,4.7872,71,174,6730
spawn,6891805,4,372,349 aurora sheets,0,0,0,256,900,1,17000,24964,0,0,1.0274,0.0000,0.0000,4.2885,71,174,6730
spawn,6892375,2,162,139 harmonic orb,2,0,1,124,450,1,11125,30051,38,0,1.6666,0.0647,0.2129,2.2939,71,174,6730
spawn,6892853,4,313,290 origami folds,0,0,0,256,695,1,17000,9023,0,0,1.2312,0.0000,0.0000,2.3936,174,82,6731
spawn,6893571,4,333,310 oil rings,1,0,0,256,665,1,17000,22372,0,0,1.0915,0.0000,0.0000,1.4960,82,127,6732
spawn,6893993,3,566,543 drifting polygons,3,0,1,91,599,1,5359,9712,0,0,0.6730,-0.0576,-0.2788,3.9893,82,127,6732
spawn,6894277,2,598,575 matrix slow mutation,2,0,1,125,612,1,9656,4049,0,0,2.3666,0.1376,-0.1471,4.8869,82,127,6732
spawn,6894401,4,286,263 pine needles,0,0,0,256,985,2,17000,31729,0,0,1.4063,0.0000,0.0000,5.3856,82,127,6732
spawn,6894827,1,308,285 dune perspective,1,0,1,158,723,2,17000,19945,0,0,1.4428,-0.1541,-0.2671,0.0000,127,100,6733
spawn,6894829,4,64,041 cyclic bloom,0,0,0,256,1456,0,16570,25357,0,0,1.1712,0.0000,0.0000,3.9893,127,100,6733
spawn,6895069,4,53,030 octa facets,0,0,0,256,935,0,17000,12082,0,0,1.1959,0.0000,0.0000,5.6848,127,100,6733
spawn,6895309,4,442,419 ring moire,0,0,0,256,879,1,17000,31741,0,0,1.0792,0.0000,0.0000,5.2859,127,100,6733
spawn,6895672,2,604,581 matrix corners,2,0,1,135,1542,1,9031,10715,118,2,1.1062,-0.2106,0.1541,4.0891,100,67,6734
spawn,6895791,3,567,544 nested rings,3,0,1,93,599,1,4000,4637,0,2,0.8578,-0.0106,-0.1824,4.9867,100,67,6734
spawn,6896193,4,446,423 ring tunnel,0,0,0,256,897,2,17000,17943,0,0,1.2822,0.0000,0.0000,4.7872,100,67,6734
spawn,6896531,1,195,172 villarceau weave,2,0,2,92,843,2,17000,22639,0,0,1.9991,-0.2059,-0.2741,4.1888,100,67,6734
spawn,6897137,4,253,230 nebula wisps,1,0,0,256,932,0,17000,32650,0,0,1.3512,0.0000,0.0000,1.9947,67,124,6735
spawn,6897615,3,204,181 icosahedral mirror,2,0,1,95,704,0,4174,8079,0,0,2.1613,-0.1588,-0.0624,0.2992,67,124,6735
spawn,6898026,4,15,asm,0,1,0,256,272,2,17000,20634,0,0,1.2764,0.0000,0.0000,5.1861,124,31,6736
spawn,6898328,1,336,313 plume spiral,1,0,1,169,903,2,17000,539,0,0,1.1657,0.1847,0.2718,5.8843,124,31,6736
spawn,6898366,4,269,246 sinew strands,1,0,0,256,723,1,17000,26056,0,0,1.2230,0.0000,0.0000,1.9947,124,31,6736
spawn,6898757,2,59,036 epicycle lace,2,0,1,119,495,1,13375,16199,42,1,0.7018,-0.1212,0.0576,5.1861,31,61,6737
spawn,6898851,3,605,582 rising embers,3,0,1,104,609,1,7187,10583,0,2,0.8537,-0.1918,-0.0247,2.3936,31,61,6737
spawn,6899235,4,261,238 vortex sheet,1,0,0,256,924,0,17000,20231,0,0,1.3858,0.0000,0.0000,4.3883,31,61,6737
spawn,6899614,1,281,258 crystal facets,1,0,1,167,812,0,13812,31901,158,2,0.8106,0.2576,0.2412,0.2992,31,61,6737
spawn,6900227,4,390,367 stellar nursery,0,0,0,256,1010,2,17000,8894,0,0,1.4334,0.0000,0.0000,2.9920,61,101,6738
spawn,6900705,2,189,166 star trails,2,0,2,107,553,2,15609,22203,0,0,1.9827,0.0976,0.2082,0.9973,61,101,6738
spawn,6901336,4,327,304 twill weave,0,0,0,256,1143,1,17000,31562,0,0,1.0685,0.0000,0.0000,4.5877,101,17,6739
spawn,6901684,4,245,222 ripple pond,1,0,0,256,920,2,17000,12968,0,0,1.1951,0.0000,0.0000,0.1995,101,17,6739
spawn,6901924,4,364,341 nested sines,0,0,0,256,714,1,17000,31652,0,0,1.2855,0.0000,0.0000,5.1861,17,105,6740
spawn,6902372,1,172,149 bubble iris,2,0,4,90,1430,1,14000,10387,58,1,2.1592,-0.0200,0.0482,3.0917,17,105,6740
spawn,6902511,2,503,480 tesla coil,3,0,1,124,1400,1,11593,21340,0,0,0.5026,-0.2694,0.1894,3.9893,17,105,6740
spawn,6902626,4,273,250 chain mail,1,0,0,256,804,2,17000,2897,0,0,1.1663,0.0000,0.0000,5.1861,17,105,6740
spawn,6903006,4,106,083 patch quilt,0,0,0,256,1337,1,17000,28060,0,0,1.2879,0.0000,0.0000,2.9920,105,48,6741
spawn,6903451,3,164,141 chladni sand,3,0,1,108,382,1,7140,2524,0,0,0.5150,0.2600,-0.0482,4.2885,105,48,6741
spawn,6904398,4,473,450 onyx layers,0,0,0,256,1126,1,17000,11061,0,0,1.3110,0.0000,0.0000,0.6981,48,168,6742
spawn,6904883,2,532,509 lightning circle,3,0,1,122,374,1,13781,27896,14,2,1.3279,0.1729,0.0741,4.3883,168,25,6743
spawn,6905036,1,317,294 wisteria,1,0,1,174,570,1,17000,19789,0,0,1.5372,-0.0318,-0.0529,4.9867,168,25,6743
spawn,6905176,3,125,102 vortex silk,2,0,1,81,767,1,4000,3507,59,1,1.1513,0.1141,-0.0835,4.5877,168,25,6743
spawn,6905531,4,488,465 frost feathers,0,0,0,256,985,2,17000,31932,0,0,1.0849,0.0000,0.0000,0.2992,168,25,6743
spawn,6906556,4,430,407 geodesic dome,0,0,0,256,850,1,17000,13490,0,0,1.4022,0.0000,0.0000,5.2859,25,87,6744
spawn,6907274,1,185,162 orbital lobes,2,0,1,141,876,1,17000,31098,0,0,1.0446,-0.1094,-0.2388,4.3883,87,28,6745
spawn,6907343,2,197,174 braid loom,2,0,1,124,760,1,11593,7549,0,0,0.5581,-0.0529,-0.1212,1.6955,87,28,6745
spawn,6907491,4,356,333 tulle gather,1,0,0,256,613,0,17000,20619,0,0,1.1696,0.0000,0.0000,5.4853,87,28,6745
spawn,6908150,3,82,059 binary dance,3,0,1,100,604,0,4214,26556,134,2,1.0610,0.1729,-0.1000,5.3856,28,118,6746
spawn,6908238,4,395,372 water surface,0,0,0,256,669,1,17000,17044,0,0,1.4088,0.0000,0.0000,3.0917,28,118,6746
spawn,6908817,2,606,583 dust shaft,2,0,1,122,530,1,14625,3583,0,0,0.7264,-0.1941,0.1376,5.6848,28,118,6746
spawn,6909067,4,484,461 curtain folds,0,0,0,256,1094,1,17000,24678,0,0,1.0685,0.0000,0.0000,0.8976,118,80,6747
spawn,6909588,3,152,129 torus knot,3,0,1,93,401,1,5453,11295,0,0,2.3111,0.1847,0.0576,4.6875,118,80,6747
spawn,6909665,1,289,266 sun dapples,1,0,1,172,907,1,17000,17793,0,0,0.8865,-0.1965,-0.2529,4.6875,118,80,6747
spawn,6910327,4,427,404 crushed velvet,0,0,0,256,592,1,17000,5475,0,0,1.1425,0.0000,0.0000,6.2832,80,114,6748
spawn,6910828,2,55,032 harmonograph veil,2,0,1,103,477,1,14531,417,0,0,1.8452,-0.0224,-0.1259,5.7845,80,114,6748
spawn,6910943,4,383,360 spiral galaxy,0,0,0,256,698,0,17000,26417,0,0,1.3036,0.0000,0.0000,1.1968,80,114,6748
spawn,6911322,3,574,551 hummingbirds,3,0,1,89,334,0,4550,13886,0,0,0.8229,-0.2435,0.2341,5.6848,114,19,6749
spawn,6911352,1,148,125 attractor dust,2,0,1,159,572,0,11968,21709,87,1,1.7877,-0.2624,-0.2412,1.8949,114,19,6749
spawn,6911762,4,445,422 ripple rings,0,0,0,256,755,1,17000,5806,0,0,1.3784,0.0000,0.0000,3.7899,114,19,6749
spawn,6912144,2,583,560 gear silhouettes,3,0,1,125,562,1,11906,25844,100,1,1.8739,-0.1259,-0.2082,4.5877,19,39,6750
spawn,6912560,4,418,395 penny tiles,0,0,0,256,921,2,17000,17969,0,0,1.1647,0.0000,0.0000,5.8843,19,39,6750
spawn,6913277,3,113,090 diamond burst,2,0,4,90,940,2,9585,6486,70,0,0.6689,-0.0835,0.1329,5.8843,39,161,6751
spawn,6913474,1,328,305 moire circles,1,0,1,157,1177,2,17000,28613,0,0,1.1041,0.0906,-0.0482,1.8949,39,161,6751
spawn,6913570,4,237,214 jelly bells,0,0,0,256,1214,1,17000,10549,0,0,1.0389,0.0000,0.0000,5.0864,39,161,6751
spawn,6914265,4,627,604 mandel deep,0,0,0,256,924,0,17000,23336,0,0,1.3011,0.0000,0.0000,2.4933,161,76,6752
spawn,6914505,4,71,048 excitable spirals,0,0,0,256,1466,1,17000,5214,0,0,1.1351,0.0000,0.0000,5.4853,161,76,6752
spawn,6914810,2,601,578 matrix side rain,2,0,1,105,842,1,11187,17406,69,1,0.7654,-0.1024,-0.1847,3.3909,161,76,6752
spawn,6915187,3,575,552 koi shapes,3,0,1,84,572,1,6953,28965,79,0,1.1636,0.2035,-0.1612,1.8949,76,64,6753
spawn,6915522,1,306,283 coral polyps,1,0,1,154,584,1,17000,22400,120,1,1.9848,0.1847,-0.0718,4.6875,76,64,6753
spawn,6916019,4,332,309 smoke columns,1,0,0,256,716,1,17000,10967,0,0,1.1795,0.0000,0.0000,2.9920,76,64,6753
spawn,6916858,4,451,428 soft tartan,0,0,0,256,821,1,17000,32260,0,0,1.3775,0.0000,0.0000,4.5877,64,63,6754
spawn,6917342,1,287,264 root veins,1,0,1,152,688,1,17000,15081,135,0,0.4041,0.0906,-0.0482,5.1861,63,54,6755
spawn,6917420,3,97,074 slow lightning,3,0,1,82,397,1,7187,23045,0,0,2.0915,-0.3000,0.2506,0.9973,63,54,6755
spawn,6917715,4,38,015 twister star,1,0,0,256,676,2,17000,8546,0,0,1.0340,0.0000,0.0000,3.6901,63,54,6755
spawn,6918255,2,582,559 planetary set,2,0,2,70,513,2,16640,29628,0,0,0.6792,0.1847,0.2765,3.0917,54,77,6756
spawn,6918328,4,422,399 brushed metal,0,0,0,256,880,0,17000,23532,0,0,1.2879,0.0000,0.0000,4.1888,54,77,6756
spawn,6918765,3,609,586 fireflies,3,0,1,111,467,0,4712,8354,157,1,1.2273,0.0318,-0.2624,1.5957,54,77,6756
spawn,6918861,1,294,271 aurora swirl,1,0,1,178,471,0,13687,15996,0,0,0.4246,0.2529,0.2365,1.3963,54,77,6756
spawn,6919329,2,109,086 gem orbit,2,0,1,138,666,0,4992,231,0,0,1.4120,-0.1424,-0.0224,6.1835,77,158,6757
spawn,6919364,4,47,024 munch frost,0,0,0,256,1318,2,17000,11842,0,0,1.3529,0.0000,0.0000,0.5984,77,158,6757
spawn,6919746,3,163,140 newton filigree,3,0,2,76,605,2,7265,6134,0,0,2.2824,-0.0906,-0.1188,3.7899,77,158,6757
spawn,8500000,0,475,452 terraced hills,0,0,0,256,886,2,17000,7494,0,0,1.1622,0.0000,0.0000,5.7845,66,52,8300
spawn,8500331,1,238,215 coral fan,1,0,1,163,827,2,17000,25165,0,0,0.5642,-0.1941,-0.2365,0.6981,52,161,8301
spawn,8500374,2,569,546 floating lanterns,3,0,2,108,872,2,17000,1352,141,1,2.1223,0.2812,-0.0812,1.8949,52,161,8301
spawn,8501010,4,360,337 plasma bloom,0,0,0,256,1025,0,17000,19362,0,0,1.3027,0.0000,0.0000,0.0000,52,161,8301
spawn,8501600,3,78,055 comet carousel,3,0,1,107,438,0,4011,3332,0,0,1.6152,0.0859,-0.2153,4.0891,161,156,8302
spawn,8501779,1,123,100 pinwheel swirl,1,0,1,137,1073,0,13906,25771,19,0,2.0669,-0.0035,-0.0976,4.2885,161,156,8302
spawn,8501925,2,577,554 spinning tops,3,0,1,127,542,0,6714,9433,0,0,0.4226,0.0435,0.1824,1.6955,161,156,8302
spawn,8502150,4,486,463 julia drift,0,0,0,256,783,0,14000,13546,0,0,1.4005,0.0000,0.0000,3.2912,161,156,8302
spawn,8503018,4,599,576 matrix dense field,1,0,0,256,1160,2,32768,808,0,0,1.2041,0.0000,0.0000,3.0917,156,179,8303
spawn,8503078,4,231,208 moire gauze,1,0,0,256,1095,1,17000,277,0,0,1.0652,0.0000,0.0000,4.7872,156,179,8303
spawn,8503390,4,53,030 octa facets,0,0,0,256,1079,1,17000,16833,0,0,1.1112,0.0000,0.0000,1.1968,179,104,8304
spawn,8503630,4,29,006 tri morph,0,0,0,256,1258,1,17000,124,0,0,1.2838,0.0000,0.0000,2.5931,179,104,8304
spawn,8503937,3,142,119 rose window,2,0,1,102,677,1,6484,13427,0,0,1.0282,0.2812,0.2906,1.7952,179,104,8304
spawn,8504171,2,496,473 chain lightning,3,0,1,108,1216,1,14000,24678,31,2,0.5109,0.0600,-0.0576,6.2832,179,104,8304
spawn,8504346,1,131,108 vega bulge,2,0,1,160,1210,1,17000,7441,111,1,0.9871,0.0953,0.1188,5.3856,104,110,8305
spawn,8504670,4,399,376 sand ripples,0,0,0,256,871,1,17000,18311,0,0,1.1745,0.0000,0.0000,5.2859,104,110,8305
spawn,8505537,4,241,218 kelp forest,0,0,0,256,783,2,17000,29206,0,0,1.3175,0.0000,0.0000,2.7925,110,63,8306
spawn,8505909,4,384,361 gas pillars,0,0,0,256,696,0,17000,17413,0,0,1.4112,0.0000,0.0000,4.5877,110,63,8306
spawn,8506305,3,102,079 golden bloom,3,0,1,93,993,0,2904,3969,20,0,1.9170,-0.2153,-0.0153,5.5851,110,63,8306
spawn,8506415,1,296,273 ribbon streams,1,0,1,166,1052,0,13468,24713,0,0,2.0443,0.2882,-0.2976,1.4960,63,165,8307
spawn,8506503,2,566,543 drifting polygons,3,0,1,124,1446,0,6029,11063,0,0,0.5006,-0.2812,-0.1824,5.5851,63,165,8307
spawn,8506666,4,110,087 chevron court,0,0,0,256,1071,2,17000,31584,0,0,1.0258,0.0000,0.0000,3.2912,63,165,8307
spawn,8507713,4,51,028 quasicrystal,1,0,0,256,1344,1,17000,18300,0,0,1.3307,0.0000,0.0000,3.7899,165,65,8308
spawn,8507775,4,456,433 shibori stripes,0,0,0,256,729,2,17000,17663,0,0,1.4162,0.0000,0.0000,4.6875,165,65,8308
spawn,8508167,3,199,176 bob rosette,3,0,2,80,934,2,9257,31334,0,1,1.6830,0.2812,0.0741,0.6981,165,65,8308
spawn,8508329,1,256,233 crinkled foil,1,0,1,176,684,2,17000,8182,124,0,1.1698,0.0741,0.2388,5.4853,165,65,8308
spawn,8508515,2,174,151 chladni filaments,2,0,2,130,660,2,16406,23583,0,0,2.2824,-0.1212,-0.2906,0.7979,65,16,8309
spawn,8508642,4,447,424 warped grid,0,0,0,256,818,1,17000,13079,0,0,1.0858,0.0000,0.0000,4.2885,65,16,8309
spawn,8509589,4,249,226 spiral galaxy,1,0,0,256,650,1,17000,30734,0,0,1.0767,0.0000,0.0000,0.0000,16,50,8310
spawn,8509999,4,448,425 wavy checker,0,0,0,256,972,0,17000,11441,0,0,1.1877,0.0000,0.0000,1.2965,16,50,8310
spawn,8510514,1,168,145 aurora curtains,1,0,1,128,475,0,12656,26878,0,0,2.4774,-0.2365,0.2576,2.3936,50,62,8311
spawn,8510633,2,137,114 khatim weave,2,0,1,102,705,0,8279,18592,0,0,2.2660,-0.1071,-0.2600,1.7952,50,62,8311
spawn,8510792,3,146,123 apollonian,3,0,1,101,226,0,2600,3866,0,0,1.6132,-0.2929,-0.1141,1.7952,50,62,8311
spawn,8511072,4,421,398 broken plates,0,0,0,256,785,0,16789,31046,0,0,1.3381,0.0000,0.0000,2.3936,50,62,8311
spawn,8511704,1,175,152 pentagrid lattice,2,0,1,148,1111,0,13406,14063,0,0,1.6255,-0.0365,0.0365,4.2885,62,15,8312
spawn,8511759,3,591,568 rack and pinion,3,0,1,113,368,0,4052,6514,0,0,0.7284,-0.2859,0.2035,5.0864,62,15,8312
spawn,8511959,4,386,363 milky band,0,0,0,256,795,2,17000,20597,0,0,1.0808,0.0000,0.0000,4.5877,62,15,8312
spawn,8512368,2,210,187 harmonic lantern,3,0,2,85,952,2,17000,28402,0,0,0.6155,0.1071,-0.2318,3.8896,62,15,8312
spawn,8512872,4,138,115 vega bulge,0,0,0,256,1253,1,17000,2921,0,0,1.1803,0.0000,0.0000,6.0837,15,149,8313
spawn,8513353,3,179,156 apollonian tide,3,0,1,77,862,1,6437,16538,0,0,1.7774,0.0459,0.2553,5.7845,15,149,8313
spawn,8513534,1,195,172 villarceau weave,2,0,1,168,1365,1,17000,9315,36,1,1.7056,0.1894,-0.1776,2.6928,15,149,8313
spawn,8514138,2,217,194 harmonic shell,2,0,1,126,657,1,14093,31498,0,0,1.2827,0.0859,0.2694,0.7979,149,9,8314
spawn,8514207,4,35,012 rotozoom kaleido,0,0,0,256,733,0,17000,24721,0,0,1.0488,0.0000,0.0000,3.5904,149,9,8314
spawn,8515082,4,361,338 warped plasma,0,0,0,256,925,2,17000,4618,0,0,1.2551,0.0000,0.0000,0.2992,9,118,8315
spawn,8515506,2,590,567 rolling pinions,2,0,2,103,1113,2,17000,20464,172,0,2.2372,-0.0576,0.2600,1.2965,9,118,8315
spawn,8515706,1,336,313 plume spiral,1,0,1,165,785,2,17000,30274,120,0,2.2229,0.0859,-0.2200,0.8976,118,47,8316
spawn,8515915,3,514,491 jacobs ladder,3,0,2,90,722,2,9937,11148,0,0,1.7405,0.0882,-0.2318,0.5984,118,47,8316
spawn,8516105,4,488,465 frost feathers,0,0,0,256,1274,1,17000,25389,0,0,1.2132,0.0000,0.0000,1.9947,118,47,8316
spawn,8517136,1,181,158 blaze,1,0,1,146,1528,1,17000,6442,0,0,0.9173,-0.1565,-0.1659,2.1941,47,59,8317
spawn,8517334,2,529,506 ground strike,3,0,1,117,812,1,12968,16467,90,2,0.4616,0.1612,-0.0647,4.7872,47,59,8317
spawn,8517391,4,117,094 thread web,0,0,0,256,901,0,17000,32248,0,0,1.2411,0.0000,0.0000,3.5904,47,59,8317
spawn,8518401,4,395,372 water surface,0,0,0,256,665,0,17000,23282,0,0,1.3874,0.0000,0.0000,5.1861,59,92,8318
spawn,8518887,2,160,137 rutt etra relief,2,0,1,108,826,0,5343,14654,0,0,0.9707,0.1282,-0.0082,5.3856,92,157,8319
spawn,8519145,4,471,448 wood grain,0,0,0,256,611,1,17000,1826,0,0,1.0397,0.0000,0.0000,3.5904,92,157,8319
spawn,8519490,1,147,124 poincare web,2,0,1,171,645,1,17000,22572,77,1,1.2540,0.1941,0.2106,2.9920,92,157,8319
spawn,8519704,3,560,537 pylon arcs,3,0,1,100,389,1,6953,7971,162,1,0.4862,0.2506,-0.0694,3.7899,157,17,8320
spawn,8519843,4,307,284 frost edges,1,0,0,256,538,1,17000,19379,0,0,1.2074,0.0000,0.0000,0.4987,157,17,8320
spawn,8520368,2,543,520 rose bolt,3,0,1,100,606,1,14468,6224,4,0,2.2680,0.2459,0.1800,3.4907,157,17,8320
spawn,8520391,4,43,020 feedback fractal,0,0,0,256,1552,1,17000,31836,0,0,1.0775,0.0000,0.0000,4.5877,157,17,8320
spawn,8520807,4,472,449 marble veins,0,0,0,256,568,0,17000,18481,0,0,1.0734,0.0000,0.0000,2.5931,17,61,8321
spawn,8520992,3,144,121 chladni sand,3,0,1,110,718,0,3117,32485,0,1,2.1654,-0.1988,-0.1800,5.3856,17,61,8321
spawn,8521218,1,224,201 lava lamp,2,0,4,90,771,0,11250,12103,0,0,0.7100,0.1988,-0.2529,3.5904,17,61,8321
spawn,8521477,4,306,283 coral polyps,1,0,0,256,769,1,17000,23422,0,0,1.1811,0.0000,0.0000,2.0944,17,61,8321
spawn,8521925,4,286,263 pine needles,0,0,0,256,786,1,17000,27625,0,0,1.3701,0.0000,0.0000,5.5851,61,34,8322
spawn,8522165,4,300,277 aurora sheet,1,0,0,256,743,1,17000,4640,0,0,1.0405,0.0000,0.0000,6.0837,61,34,8322
spawn,8522405,4,463,440 gouache smudge,0,0,0,256,813,1,17000,14442,0,0,1.2304,0.0000,0.0000,1.6955,61,34,8322
spawn,8522993,1,587,564 gear mandala,2,0,1,128,927,1,17000,1938,0,1,0.5991,0.0176,0.2200,3.4907,34,3,8323
spawn,8523071,3,63,040 maurer rose,2,0,1,105,568,1,7000,22032,0,0,0.7757,-0.2835,-0.1329,0.4987,34,3,8323
spawn,8523346,4,446,423 ring tunnel,0,0,0,256,695,2,17000,8215,0,0,1.2041,0.0000,0.0000,0.7979,34,3,8323
spawn,8523742,2,220,197 fern dust,3,0,2,92,596,2,17000,27622,0,0,1.2129,-0.1024,-0.2694,0.9973,34,3,8323
spawn,8524000,4,460,437 granulation,0,0,0,256,896,0,17000,17175,0,0,1.2723,0.0000,0.0000,4.8869,3,42,8324
spawn,8524506,3,537,514 bead lightning,3,0,1,97,435,0,3707,7204,59,1,1.2909,-0.0059,-0.0200,4.0891,3,42,8324
spawn,8524587,1,603,580 matrix rising,1,0,1,129,1107,0,8000,11957,0,0,0.5971,0.0459,-0.0200,4.8869,3,42,8324
spawn,8524952,4,412,389 glass blocks,0,0,0,256,803,2,17000,29374,0,0,1.3200,0.0000,0.0000,5.9840,42,139,8325
spawn,8525286,2,598,575 matrix slow mutation,2,0,2,123,1485,2,14484,3104,123,0,2.2044,0.0882,-0.1612,0.0000,42,139,8325
spawn,8525870,4,405,382 velvet drape,0,0,0,256,607,1,17000,19365,0,0,1.3907,0.0000,0.0000,0.3989,139,170,8326
spawn,8526425,3,189,166 star trails,2,0,4,90,406,1,5203,28995,0,0,2.3111,-0.0012,0.0482,2.7925,139,170,8326
spawn,8526490,4,209,186 marbling,0,0,0,256,1113,2,32768,9952,0,0,1.0726,0.0000,0.0000,1.9947,139,170,8326
spawn,8526910,1,541,518 sheet wash,2,0,1,174,671,2,17000,21172,0,1,0.7428,0.1353,0.0318,0.9973,170,158,8327
spawn,8527471,2,538,515 frozen twins,3,0,2,103,493,2,17000,30998,0,0,0.9584,0.2318,0.0671,4.5877,170,158,8327
spawn,8527665,3,503,480 tesla coil,3,0,2,85,901,2,8695,3859,0,1,1.5680,-0.0082,0.1447,2.9920,170,158,8327
spawn,8527722,4,260,237 dew web,1,0,0,256,635,2,17000,15884,0,0,1.1671,0.0000,0.0000,3.9893,170,158,8327
spawn,8528303,4,398,375 wave interference,0,0,0,256,797,0,17000,24050,0,0,1.3627,0.0000,0.0000,4.9867,158,141,8328
spawn,8528778,1,321,298 corner rays,1,0,1,167,685,0,14125,29838,37,0,1.6933,-0.1635,-0.2812,4.7872,158,141,8328
spawn,8528947,2,525,502 thunder cell,2,0,1,101,780,0,8314,13232,52,1,0.4287,0.0647,0.1965,4.8869,141,7,8329
spawn,8529113,4,69,046 rps trichrome,0,0,0,256,1265,0,17000,6428,0,0,1.2493,0.0000,0.0000,4.9867,141,7,8329
spawn,8530195,2,510,487 aurora bolts,2,0,1,120,868,0,7751,23599,0,0,1.0015,-0.0153,-0.1706,3.5904,7,137,8330
spawn,8530334,4,474,451 topo contours,0,0,0,256,1002,1,17000,30091,0,0,1.0586,0.0000,0.0000,0.9973,7,137,8330
spawn,8530801,3,221,198 whirl nest,2,0,1,80,290,1,6484,11254,97,1,1.8308,-0.1188,0.2976,0.9973,7,137,8330
spawn,8531216,1,601,578 matrix side rain,2,0,1,158,968,1,17000,18913,0,0,0.4103,-0.1729,-0.0671,6.2832,137,0,8331
spawn,8531398,4,247,224 fish scales,1,0,0,256,968,1,17000,4208,0,0,1.1203,0.0000,0.0000,5.7845,137,0,8331
spawn,8531941,3,167,144 newton filigree,3,0,1,95,456,1,7296,26988,0,0,1.3771,-0.1494,-0.1000,0.5984,137,0,8331
spawn,8532135,2,568,545 spinning stars,3,0,1,105,780,1,11500,11742,0,2,0.4636,0.1824,-0.1353,2.6928,0,146,8332
spawn,8532412,4,15,asm,0,1,0,256,190,1,17000,8339,0,0,1.1844,0.0000,0.0000,5.0864,0,146,8332
spawn,8532832,4,288,265 medallion grid,1,0,0,256,1453,2,17000,24030,0,0,1.2814,0.0000,0.0000,2.0944,0,146,8332
spawn,8533124,1,54,031 spirograph bloom,1,0,1,175,662,2,17000,2561,0,0,0.9522,0.2835,-0.2765,3.0917,146,128,8333
spawn,8533254,3,581,558 gear train,3,0,2,85,676,2,8718,18440,0,0,1.8677,-0.1024,0.0200,5.4853,146,128,8333
spawn,8533618,2,166,143 caustic pool,3,0,2,88,1183,2,17000,8587,0,2,1.2026,-0.1588,-0.2412,5.7845,146,128,8333
spawn,8533641,4,47,024 munch frost,0,0,0,256,1153,2,17000,14391,0,0,1.2008,0.0000,0.0000,0.1995,146,128,8333
spawn,8534671,3,572,549 paper planes,3,0,2,94,532,2,9937,31141,115,2,1.5721,0.0176,-0.0459,1.9947,128,27,8334
spawn,8534769,4,450,427 twisted grid,0,0,0,256,1015,2,17000,21922,0,0,1.2789,0.0000,0.0000,0.2992,128,27,8334
spawn,8535287,1,299,276 marble kaleido,1,0,1,148,908,2,17000,11482,0,1,1.6727,-0.0835,-0.2200,2.6928,27,35,8335
spawn,8535835,2,180,157 supershape bloom,3,0,4,90,785,2,17000,124,14,0,1.2642,0.1800,0.2694,6.1835,27,35,8335
spawn,8535928,4,275,252 fog banks,0,0,0,256,790,1,17000,5478,0,0,1.2411,0.0000,0.0000,5.9840,27,35,8335
spawn,8536706,4,371,348 dawn clouds,0,0,0,256,877,1,17000,22443,0,0,1.0521,0.0000,0.0000,5.1861,35,73,8336
spawn,8537335,1,297,274 moire kaleido,1,0,1,171,766,1,17000,6966,145,0,2.0176,0.2506,-0.0553,0.7979,73,31,8337
spawn,8537445,2,161,138 soap bubbles,2,0,1,128,738,1,8000,26536,173,1,0.6792,0.0553,-0.0529,1.4960,73,31,8337
spawn,8537512,3,132,109 rain pond,3,0,1,81,1243,1,7156,15429,0,0,1.9868,-0.1776,0.1541,3.0917,73,31,8337
spawn,8537695,4,470,447 malachite,0,0,0,256,834,1,17000,836,0,0,1.1655,0.0000,0.0000,5.5851,73,31,8337
spawn,8538534,4,493,470 sheet lightning,0,0,0,256,1322,0,17000,22352,0,0,1.3710,0.0000,0.0000,2.0944,31,105,8338
spawn,8539037,1,292,269 velvet folds,1,0,1,176,636,0,14062,196,105,0,1.5188,0.2106,0.2812,4.5877,31,105,8338
spawn,8539271,2,125,102 vortex silk,2,0,1,121,1173,0,4500,11238,0,0,1.5516,0.1188,-0.0318,5.4853,105,145,8339
spawn,8539666,4,303,280 barchan dunes,1,0,0,256,964,0,17000,18282,0,0,1.1507,0.0000,0.0000,2.5931,105,145,8339
spawn,8539906,4,289,266 sun dapples,1,0,0,256,587,2,17000,24830,0,0,1.1712,0.0000,0.0000,2.0944,105,145,8339
spawn,8540146,4,230,207 ribbed drape,1,0,0,256,763,2,17000,3898,0,0,1.2436,0.0000,0.0000,1.7952,105,145,8339
spawn,8540386,4,322,299 worm tubes,1,0,0,256,874,2,17000,23704,0,0,1.2888,0.0000,0.0000,6.2832,145,154,8340
spawn,8540626,4,422,399 brushed metal,0,0,0,256,623,1,17000,3457,0,0,1.2830,0.0000,0.0000,0.2992,145,154,8340
spawn,8540866,4,469,446 agate bands,0,0,0,256,641,2,17000,17591,0,0,1.3323,0.0000,0.0000,1.1968,145,154,8340
spawn,8541197,2,135,112 vortex ink,3,0,2,93,966,2,17000,268,121,2,0.4021,-0.2365,-0.1565,1.4960,154,26,8341
spawn,8541435,1,276,253 vine trellis,1,0,1,135,584,2,17000,25508,0,0,0.9378,0.1353,0.2741,2.8923,154,26,8341
spawn,8541480,4,440,417 sun halo,0,0,0,256,683,2,17000,8711,0,0,1.3323,0.0000,0.0000,1.3963,154,26,8341
spawn,8542166,3,184,161 curve loom,3,0,2,99,661,2,6000,17734,0,0,2.1551,0.0294,-0.1941,6.1835,154,26,8341
spawn,8542194,4,390,367 stellar nursery,0,0,0,256,809,0,17000,28952,0,0,1.0315,0.0000,0.0000,6.0837,154,26,8341
spawn,8543070,4,388,365 dark nebula,0,0,0,256,938,1,17000,8601,0,0,1.3504,0.0000,0.0000,0.5984,26,140,8342
spawn,8543490,1,508,485 heat lightning,2,0,1,172,1356,1,17000,23168,0,1,0.9050,0.2976,-0.0412,2.3936,140,114,8343
spawn,8543645,2,103,080 tendril rose,2,0,1,100,1053,1,14218,30646,0,0,2.1079,-0.1494,0.0365,0.8976,140,114,8343
spawn,8543952,3,215,192 steiner pearls,3,0,1,76,518,1,5906,16005,0,0,0.6422,0.0129,0.0388,2.8923,140,114,8343
spawn,8544059,4,487,464 gradient mesh,0,0,0,256,1145,1,17000,26331,0,0,1.4301,0.0000,0.0000,5.4853,140,114,8343
spawn,8545271,4,313,290 origami folds,0,0,0,256,752,0,17000,8062,0,0,1.3504,0.0000,0.0000,4.3883,114,107,8344
spawn,8545695,2,158,135 kelvin wake,2,0,1,117,482,0,7417,22826,0,0,0.7982,0.0459,-0.2576,4.0891,107,49,8345
spawn,8545841,1,60,037 pendulum web,2,0,1,167,822,0,12218,30617,0,2,1.8185,-0.1165,0.1447,2.3936,107,49,8345
spawn,8545969,3,564,541 comet trio,3,0,1,76,493,0,4285,13675,105,1,1.3053,0.0553,-0.0341,2.8923,107,49,8345
spawn,8545998,4,305,282 comb jelly,1,0,0,256,724,0,17000,18336,0,0,1.1688,0.0000,0.0000,3.5904,107,49,8345
spawn,8546588,4,481,458 foam cells,0,0,0,256,985,1,17000,25715,0,0,1.1285,0.0000,0.0000,4.5877,49,109,8346
spawn,8547110,2,204,181 icosahedral mirror,2,0,1,101,732,1,12843,13471,0,2,0.7695,0.0224,0.0694,0.3989,49,109,8346
spawn,8547636,4,380,357 twilight glow,0,0,0,256,727,2,17000,21792,0,0,1.0521,0.0000,0.0000,5.6848,109,101,8347
spawn,8548090,3,506,483 sea lightning,3,0,2,76,488,2,9492,29890,0,0,1.1308,-0.2365,0.1447,3.8896,109,101,8347
spawn,8548322,1,208,185 sandpile,2,0,1,132,1354,2,17000,13167,0,0,1.4120,0.1965,0.0200,2.3936,109,101,8347
spawn,8548329,4,246,223 caustic net,1,0,0,256,835,0,17000,4417,0,0,1.0447,0.0000,0.0000,1.5957,109,101,8347
spawn,8548797,2,109,086 gem orbit,2,0,1,120,1462,0,4992,18540,0,0,1.2499,-0.0647,-0.0600,4.9867,101,30,8348
spawn,8549265,4,476,453 bathymetry,0,0,0,256,820,0,17000,26978,0,0,1.2501,0.0000,0.0000,3.9893,101,30,8348
spawn,8550192,1,332,309 smoke columns,1,0,1,179,657,0,13968,6410,0,0,1.8883,0.1376,0.0388,0.9973,30,143,8349
spawn,8550195,4,454,431 bullseye tiedye,0,0,0,256,943,1,17000,12728,0,0,1.1186,0.0000,0.0000,0.0997,30,143,8349
spawn,8551088,3,517,494 upward streamers,3,0,1,114,658,1,7406,24298,169,2,1.0528,-0.1400,-0.0129,3.2912,143,116,8350
spawn,8551152,4,70,047 target choir,0,0,0,256,1553,1,17000,31876,0,0,1.0915,0.0000,0.0000,2.1941,143,116,8350
spawn,8551706,4,477,454 heat contours,0,0,0,256,901,1,17000,12914,0,0,1.2279,0.0000,0.0000,0.6981,116,86,8351
spawn,8552015,2,113,090 diamond burst,2,0,1,132,713,1,12781,1228,0,0,1.9314,0.1635,-0.0812,2.7925,116,86,8351
spawn,8552229,1,81,058 fountain arcs,2,0,1,168,1120,1,16078,26870,38,1,2.4076,0.0553,-0.0012,5.8843,116,86,8351
spawn,8552759,4,229,206 breathing membrane,1,0,0,256,832,0,17000,6526,0,0,1.2279,0.0000,0.0000,5.1861,86,21,8352
spawn,8553479,3,100,077 mycelium veil,2,0,4,90,433,0,4082,15536,84,2,2.1079,-0.0835,-0.0129,0.9973,21,84,8353
spawn,8553537,4,403,380 dry lakebed,0,0,0,256,817,0,17000,1012,0,0,1.2707,0.0000,0.0000,2.8923,21,84,8353
spawn,8553987,2,223,200 lorenz ribbon,2,0,1,134,672,0,7048,8761,0,0,0.9419,-0.0129,-0.1894,3.8896,21,84,8353
spawn,8554161,1,104,081 poly morph,2,0,1,170,1094,0,10312,23796,0,0,2.3707,-0.3000,0.0765,4.4880,21,84,8353
spawn,8554312,4,318,295 meander key,1,0,0,256,685,1,17000,28659,0,0,1.2033,0.0000,0.0000,3.1915,21,84,8353
spawn,8554769,4,177,154 hyperbolic court,1,0,0,256,1287,2,17000,18851,0,0,1.2329,0.0000,0.0000,1.8949,84,48,8354
spawn,8555032,3,216,193 cord braid,2,0,2,97,621,2,9703,4259,0,0,1.9088,-0.0718,-0.1259,4.2885,84,48,8354
spawn,8555651,2,612,589 grinder sparks,3,0,2,97,814,2,17000,13282,0,0,2.0176,0.0835,0.0718,2.2939,48,25,8355
spawn,8556004,1,59,036 epicycle lace,2,0,4,90,863,2,17000,1179,0,0,1.2560,0.0765,0.0576,4.4880,48,25,8355
spawn,8556122,4,233,210 oil slick,0,0,0,256,1636,1,17000,26923,0,0,1.0964,0.0000,0.0000,6.2832,48,25,8355
spawn,8556654,3,502,479 spider lightning,3,0,1,81,658,1,6234,18260,0,0,2.1243,-0.1235,0.2129,4.3883,25,1,8356
spawn,8557084,2,580,557 gear pair,3,0,1,128,1363,1,12781,8963,68,1,1.7507,0.1118,0.2082,3.4907,25,1,8356
spawn,8557769,4,31,008 octa mandala,0,0,0,256,700,0,17000,17797,0,0,1.1014,0.0000,0.0000,2.2939,1,90,8357
spawn,8558043,4,491,468 hue clouds,0,0,0,256,808,1,17000,32139,0,0,1.1153,0.0000,0.0000,1.0971,1,90,8357
spawn,8558283,4,438,415 rays through cloud,0,0,0,256,776,1,17000,18854,0,0,1.3734,0.0000,0.0000,3.2912,1,90,8357
spawn,8558523,4,420,397 pebble mosaic,0,0,0,256,736,0,17000,852,0,0,1.2329,0.0000,0.0000,3.0917,1,90,8357
spawn,8558763,4,461,438 colour field washes,0,0,0,256,766,1,17000,15237,0,0,1.2353,0.0000,0.0000,0.2992,90,115,8358
spawn,8559003,4,40,017 metaball kiss,0,0,0,256,1181,1,17000,27744,0,0,1.2000,0.0000,0.0000,3.4907,90,115,8358
spawn,8559305,1,330,307 lily pads,1,0,1,147,422,1,17000,11813,0,2,0.6812,-0.0859,0.1259,4.8869,90,115,8358
spawn,8559404,4,478,455 isobar map,0,0,0,256,906,1,17000,20757,0,0,1.4211,0.0000,0.0000,2.9920,90,115,8358
spawn,8559821,3,526,503 lightning script,3,0,1,102,330,1,7093,75,55,0,2.3152,0.2153,0.1847,1.8949,115,162,8359
spawn,8559969,2,576,553 origami cranes,3,0,1,140,421,1,13593,5659,0,0,2.2968,-0.2012,0.1800,0.0997,115,162,8359
spawn,8560286,4,466,443 ink tendrils,0,0,0,256,628,1,17000,14150,0,0,1.0800,0.0000,0.0000,0.0000,115,162,8359
spawn,8560958,1,39,016 shadebob rosette,2,0,1,130,700,1,17000,29758,136,1,1.8739,-0.1141,0.0012,3.0917,162,74,8360
spawn,8561014,4,17,asm,0,1,0,256,260,2,17000,6020,0,0,1.4293,0.0000,0.0000,0.0000,162,74,8360
spawn,8561418,4,92,069 pillar hall,1,0,0,256,1268,1,17000,18858,0,0,1.0800,0.0000,0.0000,2.8923,162,74,8360
spawn,8561424,4,393,370 deep water,0,0,0,256,885,2,17000,21763,0,0,1.1992,0.0000,0.0000,5.4853,162,74,8360
spawn,8561834,3,602,579 matrix pileup,2,0,2,78,795,2,6000,9576,0,1,2.0279,0.2812,-0.0694,1.4960,74,40,8361
spawn,8561974,2,549,526 lightning heart,3,0,2,103,741,2,17000,31704,0,0,1.3566,0.2835,0.0624,3.7899,74,40,8361
spawn,8562319,1,310,287 checker breath,1,0,1,136,813,2,17000,14124,0,0,1.0158,-0.0788,0.2176,2.4933,74,40,8361
spawn,8562341,4,633,610 flame ifs,0,0,0,256,1117,1,17000,4431,0,0,1.0405,0.0000,0.0000,2.6928,74,40,8361
spawn,8563367,2,584,561 edge gear,3,0,1,104,677,1,14312,27659,0,0,1.1677,-0.1282,0.0694,3.5904,40,95,8362
spawn,8563457,4,363,340 polar plasma,0,0,0,256,771,1,17000,9394,0,0,1.2099,0.0000,0.0000,3.6901,40,95,8362
spawn,8564016,1,213,190 glenz vectors,2,0,1,142,1176,1,17000,832,0,0,1.8554,-0.0247,-0.0882,5.0864,95,23,8363
spawn,8564222,3,585,562 gear cascade,3,0,1,98,849,1,5546,19616,0,0,2.2516,0.0482,0.2224,5.5851,95,23,8363
spawn,8564312,4,409,386 quilted padding,0,0,0,256,763,2,17000,16325,0,0,1.1573,0.0000,0.0000,1.8949,95,23,8363
spawn,8565183,4,364,341 nested sines,0,0,0,256,958,0,17000,23945,0,0,1.2690,0.0000,0.0000,6.2832,23,111,8364
spawn,8565489,2,583,560 gear silhouettes,3,0,1,129,664,0,6697,14839,156,1,0.9666,0.2906,0.1471,3.3909,23,111,8364
spawn,8565916,3,124,101 physarum veil,2,0,1,97,452,0,4844,2030,94,1,1.9478,0.2859,-0.0506,2.7925,111,134,8365
spawn,8566068,1,235,212 cell tissue,1,0,1,159,689,0,14000,19658,0,0,0.8023,0.1988,-0.1400,6.2832,111,134,8365
spawn,8566150,4,317,294 wisteria,1,0,0,256,645,0,17000,7434,0,0,1.1490,0.0000,0.0000,5.7845,111,134,8365
spawn,8566725,4,290,267 dragon scales,1,0,0,256,774,1,17000,26659,0,0,1.2781,0.0000,0.0000,4.3883,111,134,8365
spawn,8567111,4,225,202 silk veil,1,0,0,256,753,2,17000,6028,0,0,1.4063,0.0000,0.0000,1.9947,134,150,8366
spawn,8567351,4,106,083 patch quilt,0,0,0,256,978,1,17000,21515,0,0,1.3537,0.0000,0.0000,1.7952,134,150,8366
spawn,8567600,2,515,492 helix bolt,3,0,1,129,625,1,14062,4678,28,0,0.8557,0.0671,-0.1329,0.1995,134,150,8366
spawn,8568043,1,185,162 orbital lobes,2,0,1,129,650,1,17000,12905,0,1,1.0815,-0.2247,0.1165,3.6901,150,76,8367
spawn,8568135,3,570,547 slow meteors,3,0,1,82,650,1,6796,26665,19,0,0.6073,0.2929,0.2482,6.1835,150,76,8367
spawn,8568522,4,143,120 rule loom,0,0,0,256,1115,2,17000,30407,0,0,1.1836,0.0000,0.0000,0.0997,150,76,8367
spawn,8569212,2,518,495 lightning wheel,3,0,2,79,991,2,15890,19908,0,2,1.0282,0.0647,0.1212,5.2859,76,46,8368
spawn,8569687,1,273,250 chain mail,1,0,1,131,573,2,17000,6314,0,0,2.1818,0.2600,0.1847,6.2832,76,46,8368
spawn,8569789,4,394,371 cell caustics,0,0,0,256,1142,0,17000,13852,0,0,1.1425,0.0000,0.0000,2.3936,76,46,8368
spawn,8570431,3,206,183 string hyperboloid,3,0,1,104,383,0,4245,29701,161,1,2.1059,0.2176,-0.1353,1.9947,46,155,8369
spawn,8571032,4,248,225 peacock eyes,1,0,0,256,675,1,17000,5244,0,0,1.3964,0.0000,0.0000,1.8949,155,58,8370
spawn,8571534,4,285,262 loom threads,1,0,0,256,885,2,17000,20318,0,0,1.2962,0.0000,0.0000,1.8949,155,58,8370
spawn,8571774,4,378,355 heat shimmer,0,0,0,256,933,2,17000,5968,0,0,1.1753,0.0000,0.0000,5.9840,155,58,8370
spawn,8572069,2,97,074 slow lightning,3,0,2,105,547,2,17000,21924,0,2,2.2229,0.0906,-0.2294,2.8923,58,67,8371
spawn,8572325,3,80,057 galaxy pinwheel,3,0,2,76,1182,2,9398,32126,0,0,0.5786,0.0318,-0.0624,4.7872,58,67,8371
spawn,8572520,1,323,300 eyelet lace,1,0,1,161,614,2,17000,14672,0,0,1.9704,0.0341,0.2929,2.0944,58,67,8371
spawn,8572745,4,410,387 stained glass,0,0,0,256,957,0,17000,11062,0,0,1.2099,0.0000,0.0000,0.8976,58,67,8371
spawn,8573321,2,129,106 medusa drift,3,0,1,125,580,0,7189,22126,0,0,1.9026,-0.0835,-0.0059,2.6928,67,32,8372
spawn,8573807,4,459,436 wet washes,0,0,0,256,727,2,17000,17996,0,0,1.2230,0.0000,0.0000,2.2939,67,32,8372
spawn,8574581,4,595,572 matrix four edges,1,0,0,256,1434,2,32768,30068,0,0,1.1384,0.0000,0.0000,6.0837,32,85,8373
spawn,8574976,2,575,552 koi shapes,3,0,2,111,560,2,17000,18312,0,0,2.4918,0.2765,0.0153,5.6848,85,38,8374
spawn,8575228,3,187,164 kolam loom,3,0,2,94,634,2,8203,6193,7,2,0.9440,0.0506,0.2271,4.1888,85,38,8374
spawn,8575433,1,108,085 vector machine,1,0,1,158,455,2,17000,1887,25,0,1.2745,0.1329,0.0788,3.0917,85,38,8374
spawn,8576036,4,9,asm,0,0,0,256,598,1,17000,17088,0,0,1.1951,0.0000,0.0000,2.5931,38,135,8375
spawn,8576596,1,61,038 guilloche rings,2,0,1,161,527,1,17000,2701,14,1,1.3853,0.0506,-0.1776,4.8869,38,135,8375
spawn,8576655,4,37,014 copper octarings,0,0,0,256,1500,2,17000,23777,0,0,1.1564,0.0000,0.0000,2.2939,38,135,8375
spawn,8577486,2,597,574 matrix heavy top,2,0,1,109,981,2,12000,6947,0,0,2.1387,0.1494,-0.2812,5.8843,135,125,8376
spawn,8577645,3,202,179 harmonic lantern,3,0,2,100,381,2,8484,31378,0,0,0.6935,0.2976,0.1871,0.3989,135,125,8376
spawn,8577838,1,253,230 nebula wisps,1,0,1,150,761,2,17000,16186,0,0,1.8944,0.0247,0.1871,1.9947,135,125,8376
spawn,8578217,4,425,402 anodized sheen,0,0,0,256,798,2,17000,2940,0,0,1.2830,0.0000,0.0000,3.6901,125,164,8377
spawn,8579076,4,5,asm,0,0,0,256,630,0,17000,25703,0,0,1.3973,0.0000,0.0000,3.3909,164,41,8378
spawn,8579458,3,579,556 gyroscopes,3,0,1,79,360,0,3686,10241,102,1,2.3296,0.1400,-0.2459,2.9920,164,41,8378
spawn,8579571,2,494,471 ball lightning,3,0,1,125,589,0,6380,1623,97,0,2.4056,0.0271,-0.0341,4.5877,164,41,8378
spawn,8579719,4,429,406 velvet swirl,0,0,0,256,764,1,17000,17794,0,0,1.3356,0.0000,0.0000,2.8923,164,41,8378
spawn,8580516,4,101,078 turing garden,0,0,0,256,643,2,17000,1173,0,0,1.2904,0.0000,0.0000,0.3989,41,68,8379
spawn,8580974,1,331,308 brain coral,1,0,1,153,549,2,17000,16938,0,0,0.9563,0.0718,-0.2388,0.4987,41,68,8379
spawn,8581162,2,524,501 st elmos fire,3,0,2,105,502,2,15140,25921,0,0,1.2622,0.0224,0.0435,3.1915,68,54,8380
spawn,8581169,4,401,378 wind streaks,0,0,0,256,730,0,17000,8754,0,0,1.3529,0.0000,0.0000,3.9893,68,54,8380
spawn,8581768,3,528,505 lightning spiral,3,0,1,92,595,0,4153,32462,7,0,2.0073,0.0059,-0.1612,0.4987,68,54,8380
spawn,8581973,4,427,404 crushed velvet,0,0,0,256,830,2,17000,28156,0,0,1.4079,0.0000,0.0000,4.5877,68,54,8380
spawn,8582349,2,149,126 orbit lace,2,0,2,80,911,2,12000,13374,118,1,2.2968,0.2271,0.1024,1.9947,54,72,8381
spawn,8582544,1,58,035 string cardioid,2,0,4,90,708,2,17000,19979,0,1,0.9070,0.0059,-0.1918,4.9867,54,72,8381
spawn,8582906,4,379,356 overcast lozenges,0,0,0,256,802,1,17000,1423,0,0,1.3578,0.0000,0.0000,2.6928,54,72,8381
spawn,8583665,4,455,432 crumple dye,0,0,0,256,968,2,17000,11133,0,0,1.4236,0.0000,0.0000,0.0000,72,36,8382
spawn,8584115,1,563,540 cloud rift,2,0,4,90,759,2,17000,29656,0,0,2.3337,0.2671,-0.0600,5.7845,72,36,8382
spawn,8584446,3,555,532 stepped leader,3,0,2,77,422,2,9398,18050,83,2,0.7079,-0.0129,-0.1118,5.9840,36,100,8383
spawn,8584613,4,258,235 petal rosette,1,0,0,256,943,2,17000,3719,0,0,1.0521,0.0000,0.0000,5.0864,36,100,8383
spawn,8585306,2,148,125 attractor dust,2,0,2,84,658,2,17000,16799,0,0,1.8411,0.2294,0.0576,3.6901,100,96,8384
spawn,8585590,1,255,232 zebra flow,1,0,1,142,1326,2,17000,24455,0,0,0.6320,-0.2929,-0.2765,5.3856,100,96,8384
spawn,8585729,4,334,311 agate slices,1,0,0,256,806,2,17000,7578,0,0,1.1655,0.0000,0.0000,3.3909,100,96,8384
spawn,8586330,3,610,587 slow snow,3,0,2,107,650,2,10710,31194,0,0,1.7240,0.0529,-0.1094,1.0971,96,56,8385
spawn,8586598,4,21,asm,0,1,0,256,216,1,17000,16756,0,0,1.1540,0.0000,0.0000,1.3963,96,56,8385
spawn,8586885,4,424,401 hammered metal,0,0,0,256,642,2,17000,9881,0,0,1.2370,0.0000,0.0000,4.1888,96,56,8385
spawn,8587323,2,212,189 reiter crystal,3,0,2,97,384,2,17000,31371,0,0,0.9748,0.3000,0.1894,5.4853,56,97,8386
spawn,8587601,4,413,390 cathedral panes,0,0,0,256,834,2,17000,15673,0,0,1.3874,0.0000,0.0000,5.0864,56,97,8386
spawn,8588135,3,157,134 aurora curtain,2,0,1,115,364,2,6000,31089,0,2,2.3666,-0.1165,0.2553,5.3856,56,97,8386
spawn,8588386,4,91,068 wormhole pond,1,0,0,256,1211,1,17000,23447,0,0,1.3110,0.0000,0.0000,3.2912,97,122,8387
spawn,8588774,1,114,091 diamond confetti,2,0,1,164,1165,1,17000,10053,0,0,0.7859,0.2529,0.1965,0.1995,97,122,8387
spawn,8588776,4,451,428 soft tartan,0,0,0,256,827,1,17000,19135,0,0,1.0775,0.0000,0.0000,1.1968,97,122,8387
spawn,8589203,2,193,170 gyroid veil,2,0,1,127,793,1,13062,30173,0,0,1.0528,0.0482,-0.1871,4.5877,97,122,8387
spawn,8589586,4,375,352 sunset bands,0,0,0,256,700,0,17000,2368,0,0,1.4145,0.0000,0.0000,0.0997,122,163,8388
spawn,8590115,3,196,173 steiner necklace,3,0,1,88,823,0,4387,21315,69,2,0.6853,0.0176,-0.0835,3.9893,122,163,8388
spawn,8590403,4,445,422 ripple rings,0,0,0,256,738,0,17000,11713,0,0,1.1663,0.0000,0.0000,3.9893,163,60,8389
spawn,8590912,2,186,163 droste spiral,2,0,1,138,705,0,7066,32371,68,1,1.7302,-0.0741,0.1447,3.6901,163,60,8389
spawn,8591099,1,497,474 storm front,2,0,1,129,1162,0,12625,16286,0,0,2.4323,-0.2106,-0.1753,5.6848,163,60,8389
spawn,8591192,4,428,405 velvet nap,0,0,0,256,712,1,17000,26994,0,0,1.0562,0.0000,0.0000,3.2912,163,60,8389
spawn,8592011,4,479,456 lava wall,0,0,0,256,796,1,17000,834,0,0,1.2000,0.0000,0.0000,5.5851,60,89,8390
spawn,8592691,3,505,482 bolt rain,3,0,1,89,847,1,5000,16995,0,2,0.5868,0.1306,-0.1282,5.5851,89,144,8391
spawn,8592899,1,320,297 quasi penrose,1,0,1,132,946,1,17000,10829,26,0,1.1534,0.1847,0.0412,2.4933,89,144,8391
spawn,8592920,4,46,023 silk gratings,0,0,0,256,1486,0,17000,26081,0,0,1.1532,0.0000,0.0000,2.6928,89,144,8391
spawn,8593682,2,32,009 lissa web,2,0,1,132,674,0,8103,1788,0,0,0.6094,0.1941,0.0600,0.9973,144,117,8392
spawn,8594524,4,443,420 elliptic rings,0,0,0,256,894,1,17000,14421,0,0,1.3989,0.0000,0.0000,5.6848,117,51,8393
spawn,8595109,2,519,496 storm horizon,2,0,1,132,789,1,14781,32662,0,0,0.7264,0.0459,0.0435,3.8896,117,51,8393
spawn,8595231,3,509,486 volcanic lightning,2,0,4,80,1008,1,6890,23300,0,0,1.4059,-0.0506,0.0576,3.0917,117,51,8393
spawn,8595381,4,72,049 voronoi breath,0,0,0,256,876,1,17000,4856,0,0,1.1088,0.0000,0.0000,4.4880,117,51,8393
spawn,8595939,1,201,178 doyle spiral,2,0,1,174,1123,1,17000,16652,0,2,0.7469,-0.2953,0.2082,0.2992,51,24,8394
spawn,8596317,4,449,426 fisheye grid,0,0,0,256,1064,2,17000,12461,0,0,1.4162,0.0000,0.0000,5.9840,51,24,8394
spawn,8597093,2,98,075 coral lace,3,0,2,110,1013,2,17000,28424,65,1,2.2065,0.2788,-0.1212,1.9947,24,64,8395
spawn,8597443,4,385,362 supernova shells,0,0,0,256,726,0,17000,2389,0,0,1.3578,0.0000,0.0000,5.9840,24,64,8395
spawn,8597896,1,169,146 apollonian rings,2,0,1,177,816,0,8000,15983,0,0,1.3176,-0.0176,0.1659,2.4933,64,28,8396
spawn,8598267,4,48,025 ember triad,0,0,0,256,1052,0,17000,7798,0,0,1.0693,0.0000,0.0000,5.7845,64,28,8396
spawn,8598849,2,153,130 pentagrid,2,0,1,114,469,0,6152,23231,136,2,0.9686,-0.2388,-0.0671,2.2939,28,175,8397
spawn,8599087,3,82,059 binary dance,3,0,1,76,410,0,4214,14975,54,1,1.7713,0.1635,0.1753,1.3963,28,175,8397
spawn,8599238,1,192,169 braid loom,2,0,1,178,821,0,13187,29132,159,0,0.5170,-0.1424,-0.2318,6.0837,28,175,8397
spawn,8599314,4,87,064 starburst forge,0,0,0,256,1490,1,17000,19686,0,0,1.3192,0.0000,0.0000,1.8949,28,175,8397
spawn,8600243,2,165,142 attractor smoke,3,0,1,122,828,1,14906,8916,0,0,1.1739,-0.1000,0.0247,1.5957,175,113,8398
spawn,8600401,3,593,570 orrery,3,0,1,105,256,1,6906,3079,81,0,2.3707,-0.1824,0.0976,2.7925,175,113,8398
spawn,8600626,4,345,322 quasi twelve,1,0,0,256,1062,2,17000,27790,0,0,1.1285,0.0000,0.0000,5.8843,113,71,8399
spawn,8600866,4,444,421 rounded squares,0,0,0,256,912,2,17000,18483,0,0,1.3274,0.0000,0.0000,3.6901,113,71,8399
spawn,8601106,4,111,088 star cross,0,0,0,256,1284,2,17000,30441,0,0,1.4030,0.0000,0.0000,0.8976,113,71,8399
spawn,8601518,1,301,278 vault ribs,1,0,1,159,698,2,17000,12736,0,0,2.1941,0.0576,-0.2576,1.2965,113,71,8399
spawn,8601792,3,551,528 lightning comet,3,0,2,107,447,2,9398,7757,0,2,1.0138,-0.0812,0.1612,4.0891,71,80,8400
spawn,8602060,2,539,516 skyline leaders,3,0,4,90,465,2,17000,1893,0,0,1.5413,0.1188,0.1471,3.4907,71,80,8400
spawn,8602485,4,270,247 pearl curtain,1,0,0,256,716,2,17000,20809,0,0,1.0866,0.0000,0.0000,3.8896,71,80,8400
spawn,8603165,1,176,153 loxodrome drift,2,0,1,131,1060,2,17000,2897,0,0,1.6789,-0.2953,0.2294,2.1941,80,10,8401
spawn,8603379,4,28,005 breathing fold,0,0,0,256,1179,1,17000,11578,0,0,1.1425,0.0000,0.0000,1.3963,80,10,8401
spawn,8603640,4,329,306 paisley field,1,0,0,256,839,0,17000,24166,0,0,1.3167,0.0000,0.0000,5.4853,80,10,8401
spawn,8603880,4,308,285 dune perspective,1,0,0,256,846,1,17000,12965,0,0,1.2181,0.0000,0.0000,5.2859,10,138,8402
spawn,8604120,4,442,419 ring moire,0,0,0,256,765,1,17000,23600,0,0,1.2058,0.0000,0.0000,4.7872,10,138,8402
spawn,8604510,3,130,107 stereographic cage,3,0,1,111,775,1,5875,11807,106,2,2.0361,0.1282,-0.2412,3.7899,10,138,8402
spawn,8604793,1,79,056 ribbon swarm,2,0,1,154,853,1,16789,31989,168,2,1.1985,0.2106,-0.0082,0.1995,138,14,8403
spawn,8604895,2,162,139 harmonic orb,2,0,1,116,577,1,11125,5622,0,0,1.4962,0.0106,-0.2765,2.4933,138,14,8403
spawn,8604948,4,263,240 mesh warp,1,0,0,256,930,0,17000,18752,0,0,1.1844,0.0000,0.0000,5.2859,138,14,8403
spawn,8606042,4,8,asm,0,0,0,256,288,2,17000,24536,0,0,1.1893,0.0000,0.0000,1.4960,14,147,8404
spawn,8606370,1,252,229 stained glass,1,0,1,171,629,2,17000,11384,0,0,1.6132,-0.0553,0.0506,0.4987,14,147,8404
spawn,8606395,4,411,388 rose window,0,0,0,256,1283,1,17000,32399,0,0,1.4260,0.0000,0.0000,3.6901,14,147,8404
spawn,8606699,2,498,475 frozen bolt,3,0,1,106,296,1,15031,25805,0,0,1.8862,0.0059,-0.0035,3.1915,14,147,8404
spawn,8606936,3,190,167 medusa drift,3,0,1,76,298,1,4000,19668,0,0,0.9481,0.2435,-0.2388,0.7979,147,102,8405
spawn,8607716,2,151,128 aggregate bloom,3,0,1,137,392,1,15125,13930,64,0,0.4534,0.2576,-0.2976,3.1915,147,102,8405
spawn,8607816,4,365,342 soft checker plasma,0,0,0,256,699,1,17000,25789,0,0,1.3225,0.0000,0.0000,4.2885,102,119,8406
spawn,8608202,1,287,264 root veins,1,0,1,163,917,1,17000,7217,32,2,0.8886,-0.2929,-0.0224,0.7979,102,119,8406
spawn,8608425,3,83,060 meteor veil,3,0,1,77,1031,1,6687,18685,92,0,0.7408,0.0482,0.0153,2.9920,102,119,8406
spawn,8608525,4,86,063 spiral zoom,0,0,0,256,1146,2,17000,32086,0,0,1.4170,0.0000,0.0000,0.4987,102,119,8406
spawn,8608908,2,214,191 hopf weave,2,0,2,103,931,2,17000,13256,17,0,1.4674,-0.0459,-0.1118,1.7952,119,126,8407
spawn,8609140,4,416,393 grouted tiles,0,0,0,256,1020,0,17000,2879,0,0,1.3463,0.0000,0.0000,5.4853,119,126,8407
spawn,8609691,1,295,272 hex bokeh,1,0,1,145,375,0,13781,26301,0,0,0.6484,0.1682,-0.1000,6.0837,119,126,8407
spawn,8609878,3,611,588 pollen drift,3,0,1,113,420,0,4438,8038,33,1,1.0836,0.1471,0.1941,5.9840,126,4,8408
spawn,8610229,4,485,462 soap film,0,0,0,256,831,1,17000,17742,0,0,1.2263,0.0000,0.0000,4.6875,126,4,8408
spawn,8610483,2,27,004 mirror truchet,2,0,1,108,949,1,15125,30988,0,1,1.0528,-0.1376,-0.0553,3.6901,126,4,8408
spawn,8610647,1,116,093 cathedral fan,2,0,1,180,859,1,17000,8114,0,0,1.7261,0.2082,-0.2153,1.5957,126,4,8408
spawn,8611008,4,268,245 orbit rings,1,0,0,256,679,1,17000,25410,0,0,1.2460,0.0000,0.0000,0.1995,4,6,8409
spawn,8611510,4,441,418 breathing rings,0,0,0,256,892,2,17000,14576,0,0,1.3792,0.0000,0.0000,2.2939,4,6,8409
spawn,8611860,3,171,148 pendulum wave,3,0,2,88,534,2,10335,28677,62,0,1.1677,-0.2600,-0.1800,4.2885,6,168,8410
spawn,8612014,2,596,573 matrix spokes,3,0,2,131,601,2,17000,2999,0,0,1.7343,-0.2600,-0.1024,5.9840,6,168,8410
spawn,8612375,1,228,205 lattice windows,1,0,1,172,738,2,17000,21920,8,0,1.6255,0.2365,0.1282,4.4880,6,168,8410
spawn,8612513,4,367,344 silk bands,0,0,0,256,683,2,17000,18217,0,0,1.3077,0.0000,0.0000,3.9893,6,168,8410
spawn,8613194,4,377,354 rolling mist,0,0,0,256,776,0,17000,6332,0,0,1.1967,0.0000,0.0000,4.8869,168,120,8411
spawn,8613575,3,613,590 plankton wake,3,0,1,81,452,0,4753,21229,0,0,2.3563,0.2035,-0.2153,2.2939,168,120,8411
spawn,8613692,2,159,136 dipole lines,2,0,1,113,654,0,8103,13682,0,0,2.1120,-0.1353,0.0341,5.8843,168,120,8411
spawn,8613909,1,349,326 spirograph veil,1,0,1,156,644,0,14093,29061,140,1,0.4390,-0.1024,0.1941,5.1861,120,91,8412
spawn,8614129,4,370,347 curl plasma,0,0,0,256,824,0,17000,25672,0,0,1.3110,0.0000,0.0000,6.2832,120,91,8412
spawn,8614962,4,84,061 checker tunnel,0,0,0,256,1147,1,17000,12287,0,0,1.3290,0.0000,0.0000,1.4960,91,142,8413
spawn,8615391,1,353,330 wisp curls,1,0,1,164,879,1,17000,29740,170,0,0.6402,-0.1776,0.1024,4.4880,91,142,8413
spawn,8615586,3,588,565 pinion ladder,3,0,1,111,593,1,6328,5543,95,0,0.5909,0.2082,0.2882,4.4880,91,142,8413
spawn,8615857,2,604,581 matrix corners,2,0,1,138,933,1,9031,19794,36,0,1.5413,0.0718,0.2271,0.0000,91,142,8413
spawn,8615977,4,68,045 lenia bloom,0,0,0,256,1065,1,17000,1573,0,0,1.3036,0.0000,0.0000,2.3936,142,18,8414
spawn,8617148,4,426,403 damascus steel,0,0,0,256,722,1,17000,17808,0,0,1.3299,0.0000,0.0000,3.7899,18,171,8415
spawn,8617620,3,96,073 frost court,3,0,2,96,349,1,7343,4249,0,0,2.1982,0.0459,-0.0318,2.4933,18,171,8415
spawn,8617723,1,354,331 mosaic wave,1,0,1,172,969,1,17000,24280,0,0,1.4243,-0.1400,-0.2765,5.7845,18,171,8415
spawn,8617829,2,535,512 ball lightning drift,3,0,1,119,502,1,12781,12323,71,0,1.4859,-0.0553,-0.2976,0.1995,18,171,8415
spawn,8617854,4,236,213 plume feathers,1,0,0,256,868,1,17000,30383,0,0,1.3858,0.0000,0.0000,3.5904,18,171,8415
spawn,8617860,4,423,400 spun metal,0,0,0,256,856,2,17000,29831,0,0,1.1351,0.0000,0.0000,5.1861,18,171,8415
spawn,8618823,4,122,099 racetrack drums,0,0,0,256,1303,0,17000,10871,0,0,1.2559,0.0000,0.0000,1.6955,171,169,8416
spawn,8619308,3,586,563 corner train,3,0,1,73,372,0,4113,23619,5,1,0.9214,-0.2435,0.0529,1.2965,169,22,8417
spawn,8619438,1,205,182 glass weave,2,0,1,180,990,0,10625,2975,0,2,0.8393,-0.0671,0.2694,5.4853,169,22,8417
spawn,8619616,2,589,566 sprocket chain,3,0,4,90,562,0,6468,29170,123,1,2.0607,0.0365,-0.0012,4.4880,169,22,8417
spawn,10200000,0,404,381 silk folds,0,0,0,256,831,2,17000,18889,0,0,1.3693,0.0000,0.0000,4.3883,172,81,9960
spawn,10200319,1,60,037 pendulum web,2,0,4,90,750,2,17000,31747,81,2,1.1021,0.1518,0.0129,0.9973,81,12,9961
spawn,10200485,2,583,560 gear silhouettes,3,0,2,111,1455,2,17000,8591,0,0,1.2827,-0.2482,0.1471,0.3989,81,12,9961
spawn,10200705,3,569,546 floating lanterns,3,0,2,112,406,2,8882,24374,0,0,1.8370,-0.1188,0.2953,1.1968,81,12,9961
spawn,10200977,4,446,423 ring tunnel,0,0,0,256,706,0,17000,14749,0,0,1.1712,0.0000,0.0000,0.9973,81,12,9961
spawn,10201692,4,64,041 cyclic bloom,0,0,0,256,1533,1,17000,26670,0,0,1.0964,0.0000,0.0000,1.1968,12,103,9962
spawn,10202054,1,38,015 twister star,1,0,1,164,623,1,17000,19056,0,0,0.8906,-0.1659,-0.1306,6.2832,12,103,9962
spawn,10202318,3,220,197 fern dust,3,0,1,113,1001,1,7093,9803,0,0,2.4774,0.0271,0.1424,0.7979,103,19,9963
spawn,10203295,4,438,415 rays through cloud,0,0,0,256,851,2,17000,15230,0,0,1.0258,0.0000,0.0000,6.1835,19,44,9964
spawn,10203949,2,145,122 caustic net,2,0,1,105,856,2,12000,204,90,1,1.4757,-0.0176,0.2012,0.6981,19,44,9964
spawn,10204168,1,192,169 braid loom,2,0,2,102,1362,2,17000,6228,141,0,1.2129,-0.2765,-0.1800,3.6901,44,17,9965
spawn,10204180,4,375,352 sunset bands,0,0,0,256,772,1,17000,21007,0,0,1.2205,0.0000,0.0000,0.3989,44,17,9965
spawn,10204908,3,585,562 gear cascade,3,0,1,73,811,1,5546,26758,0,0,2.4240,0.0671,0.0953,4.7872,44,17,9965
spawn,10205038,4,402,379 raked garden,0,0,0,256,713,2,17000,12634,0,0,1.3118,0.0000,0.0000,0.6981,44,17,9965
spawn,10205608,2,124,101 physarum veil,2,0,1,105,472,2,17000,19187,33,2,2.1449,0.1165,-0.0459,3.9893,17,41,9966
spawn,10205737,4,340,317 dune sea,1,0,0,256,979,2,17000,32530,0,0,1.2699,0.0000,0.0000,0.0000,17,41,9966
spawn,10206013,4,241,218 kelp forest,0,0,0,256,670,0,17000,11456,0,0,1.2773,0.0000,0.0000,0.5984,17,41,9966
spawn,10206253,4,473,450 onyx layers,0,0,0,256,836,2,17000,2714,0,0,1.1984,0.0000,0.0000,2.6928,41,66,9967
spawn,10206824,1,320,297 quasi penrose,1,0,1,142,675,2,17000,19064,0,0,2.2701,0.2294,-0.2435,3.7899,41,66,9967
spawn,10206933,2,203,180 hilbert weave,3,0,2,106,410,2,17000,27564,0,1,1.7364,0.0482,0.2624,1.6955,41,66,9967
spawn,10207040,3,497,474 storm front,2,0,2,106,460,2,9468,13327,0,0,0.7059,-0.2153,-0.1047,0.0000,41,66,9967
spawn,10207256,4,487,464 gradient mesh,0,0,0,256,707,1,17000,6777,0,0,1.4310,0.0000,0.0000,5.9840,66,74,9968
spawn,10208020,4,479,456 lava wall,0,0,0,256,787,1,17000,23699,0,0,1.3784,0.0000,0.0000,5.6848,66,74,9968
spawn,10208543,1,153,130 pentagrid,2,0,1,174,533,1,17000,6923,0,1,2.3933,-0.2318,-0.0506,5.0864,74,150,9969
spawn,10208756,2,621,598 rain glints,3,0,1,128,368,1,14468,30916,0,0,1.4141,-0.1329,-0.1988,5.5851,74,150,9969
spawn,10208879,4,366,343 orbiting blobs,0,0,0,256,1060,2,17000,11486,0,0,1.0471,0.0000,0.0000,2.0944,74,150,9969
spawn,10209440,3,573,550 kites on strings,3,0,2,97,498,2,9960,18873,0,0,2.1367,0.0224,0.1612,4.6875,150,102,9970
spawn,10210001,2,125,102 vortex silk,2,0,1,133,1186,2,12000,32248,0,0,1.2724,0.0129,0.1071,0.3989,150,102,9970
spawn,10210054,4,455,432 crumple dye,0,0,0,256,783,0,17000,24088,0,0,1.0225,0.0000,0.0000,4.8869,150,102,9970
spawn,10210636,1,141,118 harmonic lantern,2,0,1,160,1496,0,12687,11833,0,0,1.3073,-0.0482,0.2647,0.8976,102,138,9971
spawn,10210917,4,24,001 kaleido rose,0,0,0,256,873,2,17000,5104,0,0,1.2033,0.0000,0.0000,5.7845,102,138,9971
spawn,10211759,3,571,548 soap bubbles,3,0,2,73,431,2,9164,22792,0,0,1.1411,0.0106,0.0341,4.0891,138,52,9972
spawn,10211977,4,489,466 light leaks,0,0,0,256,752,1,17000,30848,0,0,1.0858,0.0000,0.0000,4.6875,138,52,9972
spawn,10212387,2,224,201 lava lamp,2,0,1,101,685,1,11250,17819,0,0,1.0323,0.2647,-0.0529,4.0891,52,174,9973
spawn,10212762,1,541,518 sheet wash,2,0,1,173,1208,1,17000,9607,156,0,1.8144,0.0247,-0.0247,0.3989,52,174,9973
spawn,10212821,4,30,007 pinwheel spiral,0,0,0,256,922,2,17000,1693,0,0,1.2140,0.0000,0.0000,0.0000,52,174,9973
spawn,10213349,3,607,584 filament web,3,0,2,82,474,2,10968,26671,0,0,1.2642,-0.2271,0.2247,3.5904,52,174,9973
spawn,10213736,4,474,451 topo contours,0,0,0,256,1622,0,17000,17734,0,0,1.3488,0.0000,0.0000,2.3936,174,156,9974
spawn,10214082,2,549,526 lightning heart,3,0,1,112,672,0,7628,29619,55,0,1.7713,0.0741,-0.1800,4.0891,174,156,9974
spawn,10215012,1,300,277 aurora sheet,1,0,1,153,646,0,14062,6627,0,0,0.8393,-0.0059,-0.0388,0.0000,156,38,9975
spawn,10215333,3,176,153 loxodrome drift,2,0,1,88,895,0,4742,29052,70,2,1.0569,-0.2153,-0.2318,4.3883,156,38,9975
spawn,10215366,4,432,409 soft facets,0,0,0,256,800,0,17000,11570,0,0,1.0595,0.0000,0.0000,3.0917,156,38,9975
spawn,10215871,2,103,080 tendril rose,2,0,1,131,1210,0,7998,21304,0,0,1.0261,0.2671,-0.0153,2.7925,38,75,9976
spawn,10216194,4,270,247 pearl curtain,1,0,0,256,839,2,17000,2135,0,0,1.3718,0.0000,0.0000,4.6875,38,75,9976
spawn,10216553,4,92,069 pillar hall,1,0,0,256,1595,1,17000,14875,0,0,1.2674,0.0000,0.0000,3.3909,75,100,9977
spawn,10216793,4,279,256 wing veins,1,0,0,256,774,0,17000,2595,0,0,1.4227,0.0000,0.0000,3.6901,75,100,9977
spawn,10217068,1,149,126 orbit lace,2,0,1,158,606,0,8000,12899,0,0,1.2663,0.2765,-0.2412,1.9947,75,100,9977
spawn,10217300,4,398,375 wave interference,0,0,0,256,650,0,17000,28969,0,0,1.0488,0.0000,0.0000,3.6901,75,100,9977
spawn,10217824,2,160,137 rutt etra relief,2,0,1,100,645,0,5343,4275,0,0,0.6566,0.2341,-0.0671,1.4960,100,51,9978
spawn,10217899,3,32,009 lissa web,2,0,1,91,378,0,4682,21198,40,0,2.4466,-0.1729,-0.0482,2.8923,100,51,9978
spawn,10218031,4,421,398 broken plates,0,0,0,256,856,2,17000,16781,0,0,1.4088,0.0000,0.0000,3.8896,100,51,9978
spawn,10218522,1,191,168 schotter drift,2,0,1,169,906,2,17000,27167,5,1,1.1903,-0.2412,0.0012,1.1968,51,8,9979
spawn,10218890,4,352,329 fern wall,1,0,0,256,692,1,17000,4087,0,0,1.2337,0.0000,0.0000,0.9973,51,8,9979
spawn,10219426,2,551,528 lightning comet,3,0,1,101,845,1,12531,14693,0,0,1.6050,-0.3000,-0.1800,1.2965,51,8,9979
spawn,10219543,4,401,378 wind streaks,0,0,0,256,699,0,17000,30721,0,0,1.1244,0.0000,0.0000,3.6901,8,147,9980
spawn,10220191,4,311,288 phyllotaxis,1,0,0,256,796,2,17000,22081,0,0,1.3677,0.0000,0.0000,1.5957,8,147,9980
spawn,10220525,1,306,283 coral polyps,1,0,1,144,697,2,17000,32028,0,0,0.6915,0.0600,-0.2718,1.4960,8,147,9980
spawn,10220737,3,563,540 cloud rift,2,0,1,111,688,2,10945,10812,0,0,1.6933,0.2106,-0.0012,3.6901,147,7,9981
spawn,10220771,4,379,356 overcast lozenges,0,0,0,256,987,2,17000,4113,0,0,1.2616,0.0000,0.0000,0.9973,147,7,9981
spawn,10221296,2,172,149 bubble iris,2,0,2,111,752,2,12000,19202,163,2,2.0812,0.1376,0.2153,1.5957,147,7,9981
spawn,10221827,4,629,606 burning ship,0,0,0,256,1346,1,17000,28008,0,0,1.2732,0.0000,0.0000,0.3989,7,57,9982
spawn,10222366,1,536,513 rolling front,2,0,1,138,761,1,17000,8666,0,0,1.2622,-0.1659,0.2529,2.9920,7,57,9982
spawn,10222500,3,171,148 pendulum wave,3,0,1,99,709,1,6890,16745,0,0,1.7138,-0.1706,-0.0812,1.3963,7,57,9982
spawn,10222685,4,385,362 supernova shells,0,0,0,256,696,0,17000,22783,0,0,1.0932,0.0000,0.0000,5.9840,57,140,9983
spawn,10223043,2,526,503 lightning script,3,0,1,108,766,0,7980,32006,18,2,2.0176,-0.0482,-0.2247,0.9973,57,140,9983
spawn,10223459,4,447,424 warped grid,0,0,0,256,920,1,17000,15774,0,0,1.1762,0.0000,0.0000,5.0864,57,140,9983
spawn,10224033,1,108,085 vector machine,1,0,1,142,1025,1,17000,23553,0,0,2.2290,0.0812,-0.2200,3.6901,140,141,9984
spawn,10224426,4,331,308 brain coral,1,0,0,256,662,1,17000,630,0,0,1.0258,0.0000,0.0000,5.2859,140,141,9984
spawn,10225054,4,136,113 sandpile mandala,1,0,0,256,759,0,17000,8451,0,0,1.1860,0.0000,0.0000,1.0971,141,13,9985
spawn,10225520,4,46,023 silk gratings,0,0,0,256,952,1,17000,24633,0,0,1.0323,0.0000,0.0000,2.6928,141,13,9985
spawn,10225714,4,426,403 damascus steel,0,0,0,256,922,2,17000,10853,0,0,1.2378,0.0000,0.0000,4.5877,13,142,9986
spawn,10226027,1,349,326 spirograph veil,1,0,1,172,607,2,17000,27376,0,2,1.5742,0.0576,0.0812,3.2912,13,142,9986
spawn,10226339,2,539,516 skyline leaders,3,0,4,90,589,2,17000,2690,34,0,1.5824,0.1353,0.2247,6.2832,13,142,9986
spawn,10226445,3,506,483 sea lightning,3,0,2,98,491,2,9492,18534,0,0,0.5848,0.0694,-0.0271,3.4907,13,142,9986
spawn,10226679,4,266,243 leopard rosettes,1,0,0,256,844,2,17000,22704,0,0,1.0340,0.0000,0.0000,4.2885,13,142,9986
spawn,10227120,4,395,372 water surface,0,0,0,256,694,0,17000,4514,0,0,1.2830,0.0000,0.0000,4.9867,142,20,9987
spawn,10227561,1,333,310 oil rings,1,0,1,176,992,0,13343,19672,0,0,2.4240,-0.0365,-0.1753,3.3909,142,20,9987
spawn,10227903,4,369,346 deep plasma,0,0,0,256,1229,0,17000,28660,0,0,1.1507,0.0000,0.0000,6.1835,20,88,9988
spawn,10228520,3,524,501 st elmos fire,3,0,1,85,376,0,3280,6258,0,0,2.4405,0.2153,0.1353,6.2832,20,88,9988
spawn,10228754,2,624,601 glyph glints,3,0,1,131,370,0,6521,11919,15,1,1.3525,-0.2929,0.2435,2.9920,88,9,9989
spawn,10229063,1,288,265 medallion grid,1,0,1,177,577,0,13656,20639,29,0,0.6073,0.0247,0.2953,3.3909,88,9,9989
spawn,10229179,4,355,332 starburst field,1,0,0,256,902,1,17000,1725,0,0,1.2986,0.0000,0.0000,4.9867,88,9,9989
spawn,10229595,4,429,406 velvet swirl,0,0,0,256,776,1,17000,11481,0,0,1.3685,0.0000,0.0000,3.5904,88,9,9989
spawn,10230051,3,58,035 string cardioid,2,0,4,77,827,1,4875,31771,0,0,2.0361,-0.1894,-0.3000,2.6928,9,163,9990
spawn,10230208,2,574,551 hummingbirds,3,0,4,90,755,1,14000,18425,0,0,0.7161,-0.0835,-0.1871,1.1968,9,163,9990
spawn,10230461,4,72,049 voronoi breath,0,0,0,256,1373,1,17000,25275,0,0,1.4384,0.0000,0.0000,1.9947,9,163,9990
spawn,10231325,1,195,172 villarceau weave,2,0,4,90,928,1,17000,246,120,1,0.4985,-0.2365,0.1706,5.8843,163,107,9991
spawn,10231793,4,452,429 soft argyle,0,0,0,256,856,2,17000,8271,0,0,1.2945,0.0000,0.0000,1.8949,163,107,9991
spawn,10232637,2,204,181 icosahedral mirror,2,0,2,109,1145,2,17000,26484,0,0,2.4282,0.1988,-0.1424,2.8923,107,70,9992
spawn,10232703,4,269,246 sinew strands,1,0,0,256,752,1,17000,18290,0,0,1.0775,0.0000,0.0000,1.0971,107,70,9992
spawn,10233047,4,448,425 wavy checker,0,0,0,256,697,0,17000,3209,0,0,1.0701,0.0000,0.0000,1.3963,70,168,9993
spawn,10233350,3,39,016 shadebob rosette,2,0,4,73,502,0,4875,14567,0,0,0.5129,-0.1071,0.0082,5.4853,70,168,9993
spawn,10233776,1,234,211 marble veins,1,0,1,145,724,0,13906,30796,0,0,2.4713,-0.0835,-0.2035,2.1941,70,168,9993
spawn,10233812,4,233,210 oil slick,0,0,0,256,689,2,17000,20242,0,0,1.2986,0.0000,0.0000,3.1915,70,168,9993
spawn,10234216,4,198,175 glenz vectors,1,0,0,256,1218,2,17000,5537,0,0,1.3077,0.0000,0.0000,4.5877,168,6,9994
spawn,10234456,4,409,386 quilted padding,0,0,0,256,795,1,17000,13782,0,0,1.2616,0.0000,0.0000,4.7872,168,6,9994
spawn,10234754,3,133,110 firefly sync,3,0,1,97,501,1,4750,21321,0,0,0.9686,0.1541,-0.1635,1.3963,168,6,9994
spawn,10235019,2,503,480 tesla coil,3,0,1,106,1221,1,11593,1516,0,0,1.2663,0.0953,-0.2224,0.6981,6,144,9995
spawn,10235311,4,37,014 copper octarings,0,0,0,256,1495,1,17000,26625,0,0,1.1573,0.0000,0.0000,2.3936,6,144,9995
spawn,10235775,1,294,271 aurora swirl,1,0,1,140,609,1,17000,12389,0,0,1.8739,0.2129,-0.1188,0.0997,6,144,9995
spawn,10235979,3,609,586 fireflies,3,0,1,82,561,1,7250,5877,0,1,2.3994,0.1306,0.0718,1.9947,144,39,9996
spawn,10236830,4,222,199 talbot carpet,0,0,0,256,1115,2,17000,15560,0,0,1.1277,0.0000,0.0000,1.6955,144,39,9996
spawn,10237308,2,97,074 slow lightning,3,0,2,78,956,2,17000,3471,50,2,2.2311,-0.0859,-0.1729,0.2992,39,170,9997
spawn,10237605,1,590,567 rolling pinions,2,0,2,78,1413,2,17000,26760,0,0,1.4798,0.0929,-0.0976,2.2939,39,170,9997
spawn,10237916,4,440,417 sun halo,0,0,0,256,976,0,17000,19565,0,0,1.1721,0.0000,0.0000,0.0000,39,170,9997
spawn,10238274,3,580,557 gear pair,3,0,1,104,384,0,4153,31133,0,0,2.0402,-0.1024,0.2059,6.0837,170,98,9998
spawn,10238997,4,486,463 julia drift,0,0,0,256,872,2,32768,6450,0,0,1.3003,0.0000,0.0000,1.1968,98,2,9999
spawn,10239367,2,618,595 mote swarm,3,0,4,90,578,2,17000,24567,0,0,1.1082,-0.2012,-0.0788,2.9920,98,2,9999
spawn,10239492,3,215,192 steiner pearls,3,0,2,84,410,2,8859,17293,0,0,1.6912,-0.2553,0.0012,2.5931,98,2,9999
spawn,10239726,1,510,487 aurora bolts,2,0,1,136,1072,2,17000,31694,21,2,1.9848,0.2506,0.1776,3.3909,98,2,9999
spawn,10239966,4,250,227 wind grass,1,0,0,256,727,1,17000,13207,0,0,1.2123,0.0000,0.0000,3.7899,98,2,9999
spawn,10240397,4,430,407 geodesic dome,0,0,0,256,671,2,17000,7008,0,0,1.3373,0.0000,0.0000,2.3936,2,153,10000
spawn,10240916,2,109,086 gem orbit,2,0,1,127,705,2,13312,13922,172,0,0.6504,0.1753,0.0153,2.5931,2,153,10000
spawn,10241128,4,476,453 bathymetry,0,0,0,256,743,1,17000,27108,0,0,1.3208,0.0000,0.0000,1.6955,153,79,10001
spawn,10241719,3,56,033 rose engine,2,0,1,96,354,1,7046,4497,177,0,2.2557,-0.1471,0.1141,3.3909,153,79,10001
spawn,10241807,1,148,125 attractor dust,2,0,1,133,582,1,17000,23076,83,0,1.0199,-0.1400,-0.1188,2.5931,153,79,10001
spawn,10241887,4,66,043 turing labyrinth,0,0,0,256,933,1,17000,19896,0,0,1.1959,0.0000,0.0000,0.9973,153,79,10001
spawn,10242805,4,460,437 granulation,0,0,0,256,673,2,17000,3277,0,0,1.0249,0.0000,0.0000,4.5877,79,30,10002
spawn,10243172,3,555,532 stepped leader,3,0,2,103,572,2,9398,20676,0,2,2.4097,0.1871,-0.1471,1.8949,30,90,10003
spawn,10243311,1,219,196 craquelure,2,0,1,178,902,2,17000,16132,115,0,2.3050,-0.0741,-0.2153,2.7925,30,90,10003
spawn,10243418,2,592,569 pendulum wave,3,0,2,122,1380,2,17000,10114,0,0,2.0587,0.1376,0.1306,5.1861,30,90,10003
spawn,10243547,4,454,431 bullseye tiedye,0,0,0,256,630,0,17000,28223,0,0,1.3003,0.0000,0.0000,2.9920,30,90,10003
spawn,10244299,4,69,046 rps trichrome,0,0,0,256,1112,0,17000,468,0,0,1.3307,0.0000,0.0000,1.2965,90,26,10004
spawn,10244646,3,537,514 bead lightning,3,0,1,78,538,0,3707,24621,59,1,0.4411,-0.0153,-0.2082,2.9920,90,26,10004
spawn,10245107,1,162,139 harmonic orb,2,0,1,141,869,0,11125,18336,0,0,2.0504,-0.2318,-0.1188,5.5851,90,26,10004
spawn,10245537,4,93,070 vortex petals,0,0,0,256,906,1,17000,8290,0,0,1.2485,0.0000,0.0000,6.0837,26,119,10005
spawn,10245969,3,144,121 chladni sand,3,0,1,90,770,1,4796,30281,22,0,1.8308,-0.0859,0.0435,1.1968,26,119,10005
spawn,10246265,2,206,183 string hyperboloid,3,0,1,128,1173,1,13062,24528,0,0,1.3628,-0.0529,-0.2082,4.7872,119,109,10006
spawn,10246470,4,307,284 frost edges,1,0,0,256,760,1,17000,1580,0,0,1.0940,0.0000,0.0000,5.7845,119,109,10006
spawn,10246869,1,305,282 comb jelly,1,0,1,153,1123,1,17000,11697,0,0,1.3587,0.0553,0.0106,4.7872,119,109,10006
spawn,10247362,4,416,393 grouted tiles,0,0,0,256,896,2,17000,18247,0,0,1.1564,0.0000,0.0000,3.4907,109,171,10007
spawn,10247934,3,517,494 upward streamers,3,0,2,103,374,2,11109,27930,0,0,0.7490,0.2953,0.0553,2.8923,109,171,10007
spawn,10248372,4,47,024 munch frost,0,0,0,256,1617,2,17000,6890,0,0,1.3068,0.0000,0.0000,5.5851,171,99,10008
spawn,10248850,1,62,039 butterfly lace,2,0,2,102,744,2,17000,26682,37,1,1.9437,0.2600,-0.1329,2.1941,171,99,10008
spawn,10249021,2,565,542 satellite orbits,3,0,2,102,566,2,17000,16600,0,0,0.4903,0.0200,0.1376,4.2885,171,99,10008
spawn,10249566,3,507,484 lightning ring,3,0,2,80,882,2,9093,11778,0,0,0.4164,-0.0129,0.0388,0.1995,99,5,10009
spawn,10249963,4,427,404 crushed velvet,0,0,0,256,690,2,17000,19301,0,0,1.3751,0.0000,0.0000,2.6928,99,5,10009
spawn,10250625,4,359,336 slow plasma,0,0,0,256,1067,1,17000,1319,0,0,1.1318,0.0000,0.0000,3.4907,5,48,10010
spawn,10251079,1,223,200 lorenz ribbon,2,0,4,90,628,1,17000,17495,0,0,1.5927,0.0600,0.1494,0.1995,5,48,10010
spawn,10251429,3,128,105 rule mandala,3,0,1,82,767,1,7515,24395,0,0,0.7818,0.1729,0.1824,5.6848,48,63,10011
spawn,10251534,2,208,185 sandpile,2,0,1,136,1255,1,14531,11138,0,0,1.8103,0.0059,-0.0365,1.7952,48,63,10011
spawn,10251706,4,252,229 stained glass,1,0,0,256,794,1,17000,6102,0,0,1.1630,0.0000,0.0000,1.0971,48,63,10011
spawn,10252413,1,116,093 cathedral fan,2,0,1,153,962,1,17000,27019,0,0,0.5006,0.0812,-0.0435,1.9947,63,96,10012
spawn,10252417,4,282,259 chevron stream,1,0,0,256,1073,2,17000,19805,0,0,1.0595,0.0000,0.0000,3.8896,63,96,10012
spawn,10252980,4,424,401 hammered metal,0,0,0,256,764,2,17000,32013,0,0,1.2345,0.0000,0.0000,5.2859,63,96,10012
spawn,10253631,3,512,489 lichtenberg disc,3,0,2,85,518,2,9328,15925,84,0,2.4364,0.0106,0.0694,3.1915,96,115,10013
spawn,10253713,4,386,363 milky band,0,0,0,256,887,0,17000,8627,0,0,1.1375,0.0000,0.0000,5.9840,96,115,10013
spawn,10254246,2,61,038 guilloche rings,2,0,1,114,530,0,7927,28624,0,0,1.9519,-0.0741,0.2412,0.6981,96,115,10013
spawn,10254567,1,296,273 ribbon streams,1,0,1,159,670,0,13468,20401,0,0,0.4390,0.1047,0.0624,2.1941,115,65,10014
spawn,10254608,4,633,610 flame ifs,0,0,0,256,1153,1,17000,14060,0,0,1.3899,0.0000,0.0000,5.8843,115,65,10014
spawn,10255069,3,546,523 strike cascade,3,0,1,109,626,1,6703,2839,0,2,2.0792,0.0106,-0.2435,2.5931,115,65,10014
spawn,10255770,4,18,asm,0,1,0,256,164,1,17000,25094,0,0,1.3471,0.0000,0.0000,5.3856,65,54,10015
spawn,10256070,4,467,444 ink wash gradient,0,0,0,256,757,1,17000,10579,0,0,1.1285,0.0000,0.0000,4.8869,65,54,10015
spawn,10256446,2,167,144 newton filigree,3,0,4,90,563,1,14593,26037,9,1,1.3073,-0.2224,-0.2129,2.7925,54,71,10016
spawn,10256598,1,185,162 orbital lobes,2,0,1,170,909,1,17000,1287,165,1,2.4364,-0.0106,-0.1541,4.4880,54,71,10016
spawn,10256674,3,560,537 pylon arcs,3,0,1,94,459,1,6953,6173,0,0,2.0689,-0.2694,0.2059,4.7872,54,71,10016
spawn,10256815,4,16,asm,0,1,0,256,203,2,17000,21316,0,0,1.1901,0.0000,0.0000,4.0891,54,71,10016
spawn,10257220,4,442,419 ring moire,0,0,0,256,676,2,17000,14240,0,0,1.1342,0.0000,0.0000,6.1835,54,71,10016
spawn,10257886,2,547,524 orbiting balls,3,0,2,131,756,2,17000,29654,0,0,0.9070,-0.0176,-0.2906,0.9973,71,143,10017
spawn,10257949,1,356,333 tulle gather,1,0,1,135,980,2,17000,6030,0,1,1.3894,-0.0600,-0.0624,0.2992,71,143,10017
spawn,10258033,4,360,337 plasma bloom,0,0,0,256,650,2,17000,22369,0,0,1.0241,0.0000,0.0000,4.7872,71,143,10017
spawn,10258433,3,495,472 ribbon lightning,3,0,2,111,756,2,9820,12544,0,0,1.8801,-0.1071,0.1188,2.3936,143,0,10018
spawn,10258815,4,422,399 brushed metal,0,0,0,256,843,0,17000,25537,0,0,1.2468,0.0000,0.0000,0.0997,143,0,10018
spawn,10259442,1,329,306 paisley field,1,0,1,153,647,0,14000,10514,0,0,1.1780,-0.2412,0.0318,3.4907,143,0,10018
spawn,10259533,2,611,588 pollen drift,3,0,1,131,517,0,7681,16919,93,2,1.3812,-0.1400,0.2506,0.6981,0,105,10019
spawn,10259813,4,293,270 tapestry bands,1,0,0,256,726,0,17000,315,0,0,1.0751,0.0000,0.0000,5.4853,0,105,10019
spawn,10260093,4,84,061 checker tunnel,0,0,0,256,1251,1,17000,24069,0,0,1.4227,0.0000,0.0000,6.2832,0,105,10019
spawn,10260333,4,244,221 basket weave,1,0,0,256,1004,2,17000,1036,0,0,1.3775,0.0000,0.0000,6.0837,0,105,10019
spawn,10260573,4,351,328 rose window,1,0,0,256,780,2,17000,16943,0,0,1.2247,0.0000,0.0000,2.9920,105,176,10020
spawn,10261088,3,519,496 storm horizon,2,0,2,78,522,2,11085,2410,118,0,1.3525,0.0671,-0.0882,0.3989,105,176,10020
spawn,10261210,1,225,202 silk veil,1,0,1,128,621,2,17000,25763,0,0,1.9889,0.1612,-0.1518,5.6848,105,176,10020
spawn,10261431,2,582,559 planetary set,2,0,2,78,594,2,16640,9408,0,0,1.4900,-0.2153,0.0035,2.1941,105,176,10020
spawn,10261480,4,389,366 planetary nebula,0,0,0,256,613,2,17000,21828,0,0,1.3701,0.0000,0.0000,3.2912,105,176,10020
spawn,10262181,4,420,397 pebble mosaic,0,0,0,256,889,0,17000,3902,0,0,1.1022,0.0000,0.0000,2.9920,176,134,10021
spawn,10262765,3,515,492 helix bolt,3,0,1,73,838,0,4570,22267,0,0,1.6460,0.0835,-0.0412,0.2992,134,111,10022
spawn,10262988,1,261,238 vortex sheet,1,0,1,131,940,0,13687,11920,141,0,1.7836,0.2553,0.0741,1.0971,134,111,10022
spawn,10263075,4,138,115 vega bulge,0,0,0,256,1097,0,17000,27725,0,0,1.1803,0.0000,0.0000,1.4960,134,111,10022
spawn,10263591,2,189,166 star trails,2,0,1,120,459,0,5853,32148,116,0,2.3768,0.0694,0.1871,2.3936,111,158,10023
spawn,10264138,4,40,017 metaball kiss,0,0,0,256,1210,2,17000,18857,0,0,1.0545,0.0000,0.0000,2.8923,111,158,10023
spawn,10264684,1,258,235 petal rosette,1,0,1,162,767,2,17000,4956,0,0,1.5311,-0.0741,-0.2506,5.0864,158,60,10024
spawn,10264768,2,157,134 aurora curtain,2,0,1,121,659,2,12000,12094,0,0,0.5827,0.1282,-0.0412,0.0997,158,60,10024
spawn,10264880,3,146,123 apollonian,3,0,2,81,617,2,6000,29434,0,0,1.5865,-0.1353,0.2129,2.2939,158,60,10024
spawn,10265317,4,431,408 lowpoly terrain,0,0,0,256,894,2,17000,23837,0,0,1.3027,0.0000,0.0000,3.7899,158,60,10024
spawn,10266106,1,178,155 knot loom,2,0,2,85,1417,2,17000,10685,0,0,0.5930,0.2247,-0.0435,0.3989,60,34,10025
spawn,10266271,4,115,092 greek key panel,0,0,0,256,1226,2,17000,1931,0,0,1.0866,0.0000,0.0000,3.0917,60,34,10025
spawn,10266852,2,174,151 chladni filaments,2,0,2,103,818,2,16406,24270,0,0,0.9296,-0.0224,-0.1588,3.2912,34,24,10026
spawn,10267141,3,602,579 matrix pileup,2,0,2,102,922,2,6000,16127,35,0,1.8082,0.2529,-0.0976,5.1861,34,24,10026
spawn,10267602,4,264,241 river delta,1,0,0,256,935,2,17000,29697,0,0,1.3299,0.0000,0.0000,0.5984,34,24,10026
spawn,10268160,1,77,054 starfield warp,2,0,2,79,1260,2,17000,1580,0,0,2.0730,-0.1447,-0.2788,6.1835,24,77,10027
spawn,10268506,2,102,079 golden bloom,3,0,4,90,950,2,13406,16763,0,0,1.1636,-0.0459,-0.0247,4.7872,24,77,10027
spawn,10268617,4,318,295 meander key,1,0,0,256,767,1,17000,23027,0,0,1.1877,0.0000,0.0000,4.4880,24,77,10027
spawn,10268947,3,579,556 gyroscopes,3,0,1,91,496,1,5671,5686,0,1,1.5208,-0.2435,0.0929,1.1968,77,85,10028
spawn,10269385,4,412,389 glass blocks,0,0,0,256,977,0,17000,11266,0,0,1.1351,0.0000,0.0000,2.9920,77,85,10028
spawn,10270194,1,319,296 truchet ribbons,1,0,1,155,625,0,13812,29158,0,0,1.4161,-0.2953,0.0459,0.9973,85,101,10029
spawn,10270415,4,101,078 turing garden,0,0,0,256,705,1,17000,2897,0,0,1.0808,0.0000,0.0000,2.7925,85,101,10029
spawn,10270987,2,179,156 apollonian tide,3,0,1,121,958,1,12875,18731,91,0,0.5396,0.1824,-0.0341,4.5877,101,49,10030
spawn,10271134,4,34,011 plasma mandala,1,0,0,256,1179,2,17000,13843,0,0,1.4277,0.0000,0.0000,2.9920,101,49,10030
spawn,10271631,3,131,108 vega bulge,2,0,2,64,912,2,7406,822,0,0,0.6956,0.1000,-0.2624,1.6955,101,49,10030
spawn,10271768,1,119,096 scanline butterfly,1,0,1,152,1206,2,17000,26220,0,2,1.1493,-0.1282,0.1024,6.2832,49,160,10031
spawn,10272453,4,468,445 alcohol ink,0,0,0,256,861,0,17000,18071,0,0,1.1384,0.0000,0.0000,2.9920,49,160,10031
spawn,10272948,2,508,485 heat lightning,2,0,1,113,1096,0,8384,2928,113,1,2.2516,0.0976,0.0341,2.9920,160,29,10032
spawn,10273385,4,449,426 fisheye grid,0,0,0,256,748,2,17000,27613,0,0,1.4137,0.0000,0.0000,3.7899,160,29,10032
spawn,10273845,1,218,195 aperture star,2,0,2,136,551,2,17000,13430,34,2,2.3871,0.1988,-0.1353,1.0971,29,67,10033
spawn,10274150,3,207,184 caustic billiard,3,0,2,109,622,2,11273,23170,0,0,1.7548,0.2741,-0.0129,5.7845,29,67,10033
spawn,10274162,4,469,446 agate bands,0,0,0,256,870,2,17000,9027,0,0,1.1252,0.0000,0.0000,3.7899,29,67,10033
spawn,10275116,4,411,388 rose window,0,0,0,256,838,0,17000,26193,0,0,1.3142,0.0000,0.0000,3.8896,67,46,10034
spawn,10275561,1,321,298 corner rays,1,0,1,179,559,0,14125,9517,0,0,1.8636,0.1400,0.1306,6.0837,67,46,10034
spawn,10275734,2,217,194 harmonic shell,2,0,1,104,763,0,7927,17290,91,0,0.7633,-0.2153,0.1071,0.2992,67,46,10034
spawn,10276060,4,251,228 rope net,1,0,0,256,718,0,17000,462,0,0,1.2921,0.0000,0.0000,0.8976,46,152,10035
spawn,10276414,4,67,044 majority quilt,0,0,0,256,1196,1,17000,24413,0,0,1.4318,0.0000,0.0000,4.9867,46,152,10035
spawn,10276654,4,112,089 oval drums,0,0,0,256,1247,1,17000,10634,0,0,1.3800,0.0000,0.0000,2.7925,46,152,10035
spawn,10276976,1,137,114 khatim weave,2,0,1,177,832,1,17000,28662,0,2,2.0402,-0.0647,0.0624,0.1995,152,10,10036
spawn,10277405,3,65,042 bz pinwheel,2,0,4,90,473,1,7453,23088,0,0,1.7138,-0.2576,0.1259,0.6981,152,10,10036
spawn,10277572,2,586,563 corner train,3,0,4,90,633,1,12656,2853,0,0,0.7839,0.1024,-0.2718,4.1888,152,10,10036
spawn,10277943,4,433,410 warped mesh,0,0,0,256,823,2,17000,16791,0,0,1.0430,0.0000,0.0000,4.4880,10,166,10037
spawn,10278544,1,104,081 poly morph,2,0,2,87,957,2,17000,1733,0,0,1.8862,0.1988,-0.1376,1.0971,10,166,10037
spawn,10278844,4,272,249 canyon strata,1,0,0,256,840,0,17000,27261,0,0,1.0356,0.0000,0.0000,0.0997,10,166,10037
spawn,10279522,2,501,478 crawler arcs,3,0,1,100,1053,0,6890,12646,54,0,2.2249,0.1941,-0.0318,4.8869,166,61,10038
spawn,10279681,4,211,188 plait loom,1,0,0,256,1478,0,17000,7270,0,0,1.2830,0.0000,0.0000,3.3909,166,61,10038
spawn,10280473,3,155,132 tesseract drift,3,0,1,84,697,0,3981,23231,6,2,1.3135,-0.1824,0.0976,5.9840,61,146,10039
spawn,10280649,1,140,117 cloth lattice,2,0,4,90,1222,0,14375,18218,0,0,0.8208,-0.2882,-0.0812,1.4960,61,146,10039
spawn,10281189,4,304,281 feather mandala,1,0,0,256,728,1,17000,32565,0,0,1.4293,0.0000,0.0000,6.2832,146,126,10040
spawn,10281587,4,400,377 dune field,0,0,0,256,907,1,17000,7219,0,0,1.2132,0.0000,0.0000,0.2992,146,126,10040
spawn,10282005,2,593,570 orrery,3,0,1,140,401,1,13812,27312,0,0,0.9276,-0.1400,0.0529,0.2992,126,86,10041
spawn,10282465,4,0,asm,0,0,0,256,153,0,17000,19773,0,0,1.1433,0.0000,0.0000,0.9973,126,86,10041
spawn,10282785,4,183,160 chrome relief,0,0,0,256,1463,0,17000,5398,0,0,1.3734,0.0000,0.0000,0.4987,126,86,10041
spawn,10283088,3,82,059 binary dance,3,0,1,107,1125,0,4214,19737,59,0,1.1534,0.0318,0.0835,3.7899,86,151,10042
spawn,10283291,2,605,582 rising embers,3,0,1,102,432,0,8085,29008,41,1,1.1205,-0.2200,-0.1024,1.0971,86,151,10042
spawn,10283462,1,509,486 volcanic lightning,2,0,1,134,1422,0,13781,10686,0,0,1.6891,0.1424,0.2835,0.6981,86,151,10042
spawn,10284253,4,461,438 colour field washes,0,0,0,256,782,1,17000,28472,0,0,1.1959,0.0000,0.0000,2.6928,151,167,10043
spawn,10284892,2,564,541 comet trio,3,0,4,90,654,1,13187,17458,17,0,1.9683,0.1941,-0.2718,6.1835,151,167,10043
spawn,10285088,4,413,390 cathedral panes,0,0,0,256,781,1,17000,2943,0,0,1.2353,0.0000,0.0000,4.4880,167,120,10044
spawn,10285695,3,591,568 rack and pinion,3,0,1,112,703,1,6234,9787,0,0,0.4924,-0.0576,0.3000,0.5984,167,120,10044
spawn,10285781,1,281,258 crystal facets,1,0,1,135,699,1,17000,6917,32,2,0.7633,-0.1424,0.2647,1.0971,167,120,10044
spawn,10286025,4,256,233 crinkled foil,1,0,0,256,846,1,17000,22571,0,0,1.4203,0.0000,0.0000,0.8976,167,120,10044
spawn,10286697,2,533,510 lissajous bolt,3,0,1,122,584,1,14125,30373,0,2,0.4780,0.2176,0.2129,1.5957,120,18,10045
spawn,10286906,4,247,224 fish scales,1,0,0,256,974,1,17000,14826,0,0,1.2912,0.0000,0.0000,5.8843,120,18,10045
spawn,10287329,1,316,293 lantern rows,1,0,1,173,464,1,17000,23368,0,0,1.1718,0.2929,-0.1071,1.9947,18,179,10046
spawn,10287757,2,584,561 edge gear,3,0,1,122,366,1,14312,4750,0,0,1.0138,0.0412,0.1518,2.5931,18,179,10046
spawn,10287910,4,388,365 dark nebula,0,0,0,256,865,2,17000,9620,0,0,1.1359,0.0000,0.0000,2.3936,18,179,10046
spawn,10288588,2,620,597 will o wisp,3,0,2,102,589,2,17000,29540,18,2,2.4015,0.1588,-0.0035,1.4960,179,104,10047
spawn,10288737,3,165,142 attractor smoke,3,0,2,93,691,2,11179,20956,0,2,1.6871,0.2576,-0.2200,0.4987,179,104,10047
spawn,10288828,4,53,030 octa facets,0,0,0,256,1278,1,17000,15260,0,0,1.1795,0.0000,0.0000,6.2832,179,104,10047
spawn,10289235,1,317,294 wisteria,1,0,1,145,607,1,17000,6894,44,1,2.1202,0.1659,0.0318,3.7899,104,59,10048
spawn,10289247,4,327,304 twill weave,0,0,0,256,819,2,17000,2261,0,0,1.3175,0.0000,0.0000,2.8923,104,59,10048
spawn,10290109,2,113,090 diamond burst,2,0,2,116,699,2,17000,16143,102,2,1.8123,-0.0176,0.1447,1.3963,104,59,10048
spawn,10290136,4,231,208 moire gauze,1,0,0,256,923,1,17000,26874,0,0,1.1301,0.0000,0.0000,5.0864,104,59,10048
spawn,10290750,1,308,285 dune perspective,1,0,1,145,930,1,17000,5679,0,0,1.8431,0.0129,-0.2694,3.0917,59,14,10049
spawn,10291018,3,502,479 spider lightning,3,0,1,87,637,1,6234,21703,70,2,1.3894,0.0035,0.1612,1.9947,59,14,10049
spawn,10291046,4,314,291 moss carpet,1,0,0,256,690,0,17000,10047,0,0,1.1268,0.0000,0.0000,2.8923,59,14,10049
spawn,10291286,4,41,018 kefrens spiral,1,0,0,256,1460,0,17000,30922,0,0,1.0307,0.0000,0.0000,4.5877,14,125,10050
spawn,10291526,4,394,371 cell caustics,0,0,0,256,705,1,17000,11114,0,0,1.1745,0.0000,0.0000,0.2992,14,125,10050
spawn,10291853,2,81,058 fountain arcs,2,0,1,132,1255,1,9187,30955,163,0,1.0076,-0.1494,0.2765,5.1861,14,125,10050
spawn,10292319,4,343,320 membrane pores,1,0,0,256,764,1,17000,23652,0,0,1.3077,0.0000,0.0000,4.4880,125,58,10051
spawn,10292955,1,601,578 matrix side rain,2,0,1,135,976,1,17000,11882,0,0,1.4777,0.1941,-0.0200,1.6955,125,58,10051
spawn,10293099,3,180,157 supershape bloom,3,0,1,75,680,1,6328,18018,0,0,1.8205,0.2812,0.1353,0.7979,125,58,10051
spawn,10293248,4,450,427 twisted grid,0,0,0,256,906,0,17000,5674,0,0,1.0816,0.0000,0.0000,6.0837,58,3,10052
spawn,10294288,4,28,005 breathing fold,0,0,0,256,974,1,17000,17473,0,0,1.1548,0.0000,0.0000,0.2992,3,28,10053
spawn,10294763,1,342,319 lattice bloom,1,0,1,178,1009,1,17000,3193,0,1,1.8985,0.0718,0.0035,1.8949,3,28,10053
spawn,10294883,2,161,138 soap bubbles,2,0,1,118,1071,1,8000,28476,0,0,1.3587,-0.1659,0.2388,0.8976,3,28,10053
spawn,10295003,3,608,585 constellation connect,3,0,1,86,357,1,6437,22187,0,0,2.4918,0.2176,0.0106,1.7952,3,28,10053
spawn,10295310,4,11,asm,0,0,0,256,620,1,17000,14787,0,0,1.3455,0.0000,0.0000,1.6955,28,175,10054
spawn,10295963,4,627,604 mandel deep,0,0,0,256,949,0,17000,8396,0,0,1.2699,0.0000,0.0000,5.1861,28,175,10054
spawn,10296328,3,576,553 origami cranes,3,0,1,110,487,0,4417,23674,162,0,0.8680,-0.1894,-0.1447,0.8976,175,62,10055
spawn,10296392,2,216,193 cord braid,2,0,1,125,1190,0,7277,31340,0,0,2.2824,-0.2506,-0.2435,5.7845,175,62,10055
spawn,10296533,1,325,302 cirrus streaks,2,0,1,159,700,0,14187,17548,40,2,1.8513,0.1259,0.2835,0.9973,175,62,10055
spawn,10297010,4,48,025 ember triad,0,0,0,256,1259,1,17000,13286,0,0,1.4186,0.0000,0.0000,4.2885,175,62,10055
spawn,10298144,1,253,230 nebula wisps,1,0,1,141,848,1,17000,31499,67,0,0.6279,-0.1141,-0.2106,2.0944,62,128,10056
spawn,10298283,4,462,439 ink blotches,0,0,0,256,649,1,17000,22437,0,0,1.0488,0.0000,0.0000,1.4960,62,128,10056
spawn,10298961,2,221,198 whirl nest,2,0,1,108,658,1,12968,8066,180,0,1.6337,0.1471,-0.2318,1.4960,128,42,10057
spawn,10299037,4,441,418 breathing rings,0,0,0,256,1102,1,17000,16460,0,0,1.3915,0.0000,0.0000,5.8843,128,42,10057
spawn,10299635,1,94,071 silk currents,2,0,1,146,1598,1,17000,29696,0,2,0.5006,0.1235,-0.0200,2.3936,42,178,10058
spawn,10299839,3,619,596 frost glints,3,0,1,77,694,1,6890,21255,0,0,0.8147,-0.2106,0.2694,1.5957,42,178,10058
spawn,10300134,4,54,031 spirograph bloom,1,0,0,256,628,2,17000,4608,0,0,1.3175,0.0000,0.0000,2.3936,42,178,10058
spawn,10300849,2,587,564 gear mandala,2,0,2,64,1079,2,15703,16907,14,2,1.5988,0.2341,0.1682,0.1995,178,157,10059
spawn,10300876,4,286,263 pine needles,0,0,0,256,765,2,17000,23732,0,0,1.1384,0.0000,0.0000,5.9840,178,157,10059
spawn,10301376,3,150,127 dipole filings,3,0,2,102,899,2,7101,6996,5,2,1.2499,-0.0412,-0.0906,5.4853,178,157,10059
spawn,10301416,4,384,361 gas pillars,0,0,0,256,759,2,17000,11053,0,0,1.3175,0.0000,0.0000,1.4960,178,157,10059
spawn,10301994,1,169,146 apollonian rings,2,0,2,130,710,2,22000,26756,0,0,0.8208,-0.2929,0.0600,2.1941,157,169,10060
spawn,10302242,4,143,120 rule loom,0,0,0,256,1088,2,17000,2976,0,0,1.4112,0.0000,0.0000,3.8896,157,169,10060
spawn,10302932,2,623,600 comet dust,3,0,2,79,885,2,17000,16063,0,0,1.6707,-0.0624,0.1682,2.3936,169,27,10061
spawn,10303395,4,368,345 tri plasma,0,0,0,256,608,2,17000,25639,0,0,1.4203,0.0000,0.0000,1.8949,169,27,10061
spawn,10303767,3,568,545 spinning stars,3,0,2,85,418,2,8625,3034,100,1,0.4801,0.1471,0.0835,5.6848,27,110,10062
spawn,10303899,1,213,190 glenz vectors,2,0,2,135,551,2,17000,10145,0,0,2.4220,-0.0624,0.2647,0.1995,27,110,10062
spawn,10304068,4,376,353 storm front,0,0,0,256,631,2,17000,31771,0,0,1.3981,0.0000,0.0000,5.4853,27,110,10062
spawn,10304673,2,598,575 matrix slow mutation,2,0,2,107,475,2,14484,22340,0,0,1.8903,0.2647,0.1376,4.6875,110,94,10063
spawn,10304749,4,35,012 rotozoom kaleido,0,0,0,256,1111,2,17000,16651,0,0,1.4178,0.0000,0.0000,5.1861,110,94,10063
spawn,10305564,3,75,052 orbit weave,3,0,2,77,525,2,9328,1319,97,0,1.9334,0.2812,-0.1282,0.5984,94,173,10064
spawn,10305665,1,332,309 smoke columns,1,0,1,164,997,2,17000,26623,0,0,1.9786,-0.0224,0.2929,2.0944,94,173,10064
spawn,10305933,4,478,455 isobar map,0,0,0,256,812,1,17000,10165,0,0,1.2312,0.0000,0.0000,2.9920,94,173,10064
spawn,10306527,2,114,091 diamond confetti,2,0,1,122,1748,1,13406,18597,0,2,1.5311,-0.1918,-0.0224,0.9973,94,173,10064
spawn,10306796,4,378,355 heat shimmer,0,0,0,256,738,1,17000,1244,0,0,1.2781,0.0000,0.0000,2.9920,173,47,10065
spawn,10307346,1,214,191 hopf weave,2,0,1,163,1554,1,17000,27124,0,0,0.8208,0.0388,0.0129,1.7952,173,47,10065
spawn,10307577,4,90,067 twin tunnels,0,0,0,256,1577,0,17000,10305,0,0,1.3849,0.0000,0.0000,4.3883,173,47,10065
spawn,10307994,3,494,471 ball lightning,3,0,1,79,675,0,3686,2294,170,1,0.4698,0.2459,0.0671,4.0891,47,108,10066
spawn,10308921,2,100,077 mycelium veil,2,0,1,109,901,0,7066,18622,0,0,0.5683,-0.2976,0.1635,2.1941,108,97,10067
spawn,10309105,4,70,047 target choir,0,0,0,256,905,2,17000,31991,0,0,1.0784,0.0000,0.0000,5.0864,108,97,10067
spawn,10309549,3,498,475 frozen bolt,3,0,2,106,433,2,11273,9806,0,0,0.6114,0.1047,0.0765,3.9893,108,97,10067
spawn,10309594,1,326,303 sand dollars,1,0,1,178,610,2,17000,14225,0,0,2.1551,-0.0153,0.1659,3.5904,108,97,10067
spawn,10309871,4,105,082 greek key,0,0,0,256,1543,1,17000,25745,0,0,1.0833,0.0000,0.0000,4.5877,97,122,10068
spawn,10310701,3,543,520 rose bolt,3,0,1,115,359,1,7234,7195,2,1,1.8452,-0.1988,0.1659,0.0997,122,117,10069
spawn,10310877,2,610,587 slow snow,3,0,1,115,733,1,14281,16729,0,0,2.0053,0.0153,0.1094,4.0891,122,117,10069
spawn,10311428,4,463,440 gouache smudge,0,0,0,256,635,2,17000,11381,0,0,1.3660,0.0000,0.0000,1.6955,122,117,10069
spawn,10312115,3,597,574 matrix heavy top,2,0,1,95,511,2,6000,26705,0,0,2.2065,0.0459,-0.2200,1.8949,117,124,10070
spawn,10312150,4,6,asm,0,0,0,256,164,0,17000,19005,0,0,1.0710,0.0000,0.0000,1.0971,117,124,10070
spawn,10312477,4,374,351 rain veil,0,0,0,256,1305,1,17000,5868,0,0,1.3759,0.0000,0.0000,5.5851,117,124,10070
spawn,10312943,1,197,174 braid loom,2,0,1,176,816,1,17000,14098,0,0,1.7959,-0.0812,0.0459,5.3856,124,37,10071
spawn,10313009,2,27,004 mirror truchet,2,0,1,126,667,1,15125,26046,0,0,1.5044,0.2412,-0.1635,3.2912,124,37,10071
spawn,10313757,3,577,554 spinning tops,3,0,1,77,391,1,5968,20091,143,0,0.8208,0.1212,0.2647,6.1835,37,139,10072
spawn,10313893,4,312,289 sea anemone,1,0,0,256,648,2,17000,32668,0,0,1.1285,0.0000,0.0000,0.5984,37,139,10072
spawn,10314392,4,323,300 eyelet lace,1,0,0,256,920,0,17000,12353,0,0,1.1729,0.0000,0.0000,5.2859,37,139,10072
spawn,10314632,4,437,414 spiral rays,0,0,0,256,718,0,17000,29239,0,0,1.4096,0.0000,0.0000,0.0997,37,139,10072
spawn,10314983,1,330,307 lily pads,1,0,1,131,905,0,13593,13264,0,0,0.4821,0.1729,-0.1235,3.9893,139,154,10073
spawn,10315200,2,188,165 vortex street,2,0,1,125,1297,0,7013,4924,150,0,0.5109,0.0647,0.1871,5.6848,139,154,10073
spawn,10315408,3,570,547 slow meteors,3,0,1,103,491,0,4417,21325,0,1,1.4654,0.1094,0.1447,0.3989,139,154,10073
spawn,10315472,4,485,462 soap film,0,0,0,256,881,1,17000,17447,0,0,1.3192,0.0000,0.0000,5.8843,139,154,10073
spawn,10316415,4,33,010 mosaic quilt,1,0,0,256,850,2,17000,30789,0,0,1.2962,0.0000,0.0000,1.4960,154,36,10074
spawn,10316797,1,525,502 thunder cell,2,0,2,64,723,2,17000,17420,0,2,1.6543,-0.2059,-0.1141,4.4880,154,36,10074
spawn,10317301,3,147,124 poincare web,2,0,1,93,1176,2,8273,5224,0,0,2.3563,-0.1565,-0.2788,2.6928,36,145,10075
spawn,10317413,4,273,250 chain mail,1,0,0,256,610,0,17000,25600,0,0,1.1104,0.0000,0.0000,0.8976,36,145,10075
spawn,10317859,4,418,395 penny tiles,0,0,0,256,930,2,17000,1822,0,0,1.1786,0.0000,0.0000,3.6901,145,155,10076
spawn,10318102,2,581,558 gear train,3,0,2,98,758,2,17000,18617,0,0,1.3484,-0.0224,0.1965,4.8869,145,155,10076
spawn,10318402,1,154,131 times table,1,0,1,167,864,2,22000,27126,134,0,2.3891,-0.0435,0.2882,0.2992,145,155,10076
spawn,10318786,4,397,374 god rays,0,0,0,256,799,2,17000,9667,0,0,1.2764,0.0000,0.0000,0.0997,145,155,10076
spawn,10319595,3,562,539 spark rain,3,0,2,98,420,2,10054,17258,0,2,1.0754,-0.2600,0.0647,0.5984,155,136,10077
spawn,10319720,4,484,461 curtain folds,0,0,0,256,837,2,17000,305,0,0,1.2633,0.0000,0.0000,0.5984,155,136,10077
